name,length,total,tRNA5_internal,insert_internal,tRNA3_internal,cross_5_3,cross_5_insert,cross_insert_3
bpRNA_CRW_15563,179,73,11,48,0,14,0,0
bpRNA_CRW_15565,192,76,12,52,1,11,0,0
bpRNA_CRW_15567,203,78,10,55,0,13,0,0
bpRNA_CRW_15571,171,65,12,40,1,12,0,0
bpRNA_CRW_15645,195,75,8,54,0,13,0,0
bpRNA_CRW_15647,176,68,10,45,0,13,0,0
bpRNA_CRW_16025,175,64,7,43,0,14,0,0
bpRNA_CRW_16038,208,80,10,56,0,14,0,0
bpRNA_CRW_16403,188,72,8,50,1,13,0,0
bpRNA_CRW_16422,195,71,9,51,0,11,0,0
bpRNA_CRW_16423,184,70,7,49,0,14,0,0
bpRNA_CRW_16581,161,58,9,38,0,11,0,0
bpRNA_CRW_16652,182,69,8,46,0,15,0,0
bpRNA_CRW_16669,190,75,9,51,0,15,0,0
bpRNA_CRW_16670,189,70,9,47,0,14,0,0
bpRNA_CRW_16672,207,76,9,52,0,15,0,0
bpRNA_CRW_16673,167,66,9,43,0,14,0,0
bpRNA_CRW_16834,182,69,10,44,0,15,0,0
bpRNA_CRW_16847,160,66,9,42,0,15,0,0
bpRNA_CRW_16848,170,62,10,37,0,15,0,0
bpRNA_CRW_16855,158,63,11,37,0,15,0,0
bpRNA_CRW_16857,199,75,9,51,0,15,0,0
bpRNA_CRW_16859,171,65,10,42,1,12,0,0
bpRNA_CRW_16860,193,73,7,53,0,13,0,0
bpRNA_CRW_16861,202,73,6,54,1,12,0,0
bpRNA_CRW_16862,183,69,10,45,1,13,0,0
bpRNA_CRW_16863,189,74,10,49,0,15,0,0
bpRNA_CRW_16864,177,70,12,45,2,11,0,0
bpRNA_CRW_16865,175,69,8,46,0,15,0,0
bpRNA_CRW_16866,179,68,10,44,0,14,0,0
bpRNA_CRW_16867,178,73,8,50,0,15,0,0
bpRNA_CRW_16872,160,64,11,38,0,15,0,0
bpRNA_CRW_16873,204,85,9,61,0,15,0,0
bpRNA_CRW_16874,204,81,10,56,0,15,0,0
bpRNA_CRW_17882,207,82,12,57,1,12,0,0
bpRNA_CRW_17895,202,82,11,58,0,13,0,0
bpRNA_CRW_17901,204,76,4,58,0,14,0,0
bpRNA_CRW_17922,201,78,9,55,0,14,0,0
bpRNA_CRW_17923,176,61,7,43,0,11,0,0
bpRNA_CRW_17925,182,75,9,52,0,14,0,0
bpRNA_CRW_17926,189,70,9,47,0,14,0,0
bpRNA_CRW_17927,194,79,9,57,1,12,0,0
bpRNA_CRW_17928,168,62,6,43,0,13,0,0
bpRNA_CRW_17930,176,69,8,46,0,15,0,0
bpRNA_CRW_17940,164,61,6,42,0,13,0,0
bpRNA_CRW_18202,163,64,8,42,0,14,0,0
bpRNA_CRW_18271,171,62,12,39,1,10,0,0
bpRNA_CRW_18273,183,72,9,50,0,13,0,0
bpRNA_CRW_18275,203,76,11,53,1,11,0,0
bpRNA_CRW_18289,171,65,10,43,0,12,0,0
bpRNA_CRW_18291,194,72,9,52,0,11,0,0
bpRNA_CRW_18293,174,62,13,39,0,10,0,0
bpRNA_CRW_18303,186,73,12,51,0,10,0,0
bpRNA_CRW_18673,196,74,5,54,0,15,0,0
bpRNA_CRW_18708,198,72,6,54,0,12,0,0
bpRNA_CRW_18836,200,81,12,56,2,11,0,0
bpRNA_CRW_18880,163,61,8,39,0,14,0,0
bpRNA_CRW_19145,204,81,10,56,0,15,0,0
bpRNA_CRW_19352,188,69,14,46,2,7,0,0
bpRNA_CRW_19642,186,67,9,44,0,14,0,0
bpRNA_CRW_19644,183,75,12,49,0,14,0,0
bpRNA_CRW_19646,164,68,11,43,0,14,0,0
bpRNA_CRW_19650,162,61,8,38,0,15,0,0
bpRNA_CRW_19652,198,79,13,52,1,13,0,0
bpRNA_CRW_19654,198,77,9,54,0,14,0,0
bpRNA_CRW_19656,179,73,12,49,0,12,0,0
bpRNA_CRW_19698,161,65,8,43,1,13,0,0
bpRNA_CRW_19845,160,64,10,40,1,13,0,0
bpRNA_CRW_19851,168,65,7,47,0,11,0,0
bpRNA_CRW_19852,172,66,7,48,0,11,0,0
bpRNA_CRW_19867,165,55,4,38,0,13,0,0
bpRNA_CRW_19987,179,65,6,46,0,13,0,0
bpRNA_CRW_19990,202,69,4,52,0,13,0,0
bpRNA_CRW_20736,164,70,13,45,0,12,0,0
bpRNA_CRW_20737,161,67,13,40,1,13,0,0
bpRNA_CRW_20738,201,80,13,56,0,11,0,0
bpRNA_CRW_20739,179,68,14,43,1,10,0,0
bpRNA_CRW_20740,164,68,15,43,2,8,0,0
bpRNA_CRW_20742,189,79,15,55,1,8,0,0
bpRNA_CRW_20743,168,65,13,41,0,11,0,0
bpRNA_CRW_20744,184,71,13,44,1,13,0,0
bpRNA_CRW_20745,159,61,10,39,1,11,0,0
bpRNA_CRW_20747,164,59,11,37,0,11,0,0
bpRNA_CRW_20750,202,77,15,53,0,9,0,0
bpRNA_CRW_20751,197,82,13,56,0,13,0,0
bpRNA_CRW_20753,161,59,12,36,0,11,0,0
bpRNA_CRW_20761,161,61,13,37,0,11,0,0
bpRNA_CRW_20762,164,66,14,41,0,11,0,0
bpRNA_CRW_20763,165,67,14,42,0,11,0,0
bpRNA_CRW_20765,193,74,13,49,0,12,0,0
bpRNA_CRW_20767,158,58,14,33,0,11,0,0
bpRNA_CRW_20768,200,83,14,57,0,12,0,0
bpRNA_CRW_20769,168,70,14,46,0,10,0,0
bpRNA_CRW_20776,180,75,12,50,0,13,0,0
bpRNA_CRW_20777,173,71,14,46,0,11,0,0
bpRNA_CRW_20779,189,81,13,54,1,13,0,0
bpRNA_CRW_20781,175,64,14,40,1,9,0,0
bpRNA_CRW_20782,183,74,12,50,0,12,0,0
bpRNA_CRW_20784,189,79,12,54,0,13,0,0
bpRNA_CRW_20785,182,72,13,47,1,11,0,0
bpRNA_CRW_20789,165,68,15,42,0,11,0,0
bpRNA_CRW_20792,189,74,11,51,2,10,0,0
bpRNA_CRW_20813,172,64,13,38,0,13,0,0
bpRNA_CRW_20817,187,74,14,49,3,8,0,0
bpRNA_CRW_20820,170,66,13,44,2,7,0,0
bpRNA_CRW_20821,181,73,14,46,0,13,0,0
bpRNA_CRW_20822,202,79,13,54,0,12,0,0
bpRNA_CRW_20824,170,67,13,42,0,12,0,0
bpRNA_CRW_20850,196,79,12,53,0,14,0,0
bpRNA_CRW_20851,172,64,11,39,0,14,0,0
bpRNA_CRW_20893,196,83,13,57,0,13,0,0
bpRNA_CRW_20894,206,84,15,58,1,10,0,0
bpRNA_CRW_20918,169,68,13,43,0,12,0,0
bpRNA_CRW_20919,183,70,13,45,1,11,0,0
bpRNA_CRW_20921,205,83,14,58,0,11,0,0
bpRNA_CRW_20922,201,76,12,53,0,11,0,0
bpRNA_CRW_20924,162,60,14,36,0,10,0,0
bpRNA_CRW_20926,163,70,14,44,0,12,0,0
bpRNA_CRW_20934,177,69,11,46,0,12,0,0
bpRNA_CRW_20938,199,75,14,51,0,10,0,0
bpRNA_CRW_20939,167,63,11,40,0,12,0,0
bpRNA_CRW_20940,169,65,14,41,0,10,0,0
bpRNA_CRW_20941,158,56,9,34,0,13,0,0
bpRNA_CRW_20942,160,64,13,40,0,11,0,0
bpRNA_CRW_20943,168,69,14,44,0,11,0,0
bpRNA_CRW_20944,202,80,11,57,1,11,0,0
bpRNA_CRW_20946,170,68,13,41,0,14,0,0
bpRNA_CRW_20947,202,76,13,54,1,8,0,0
bpRNA_CRW_20950,201,76,15,50,1,10,0,0
bpRNA_CRW_20951,164,59,11,35,0,13,0,0
bpRNA_CRW_20953,190,76,14,51,1,10,0,0
bpRNA_CRW_20955,164,65,12,41,1,11,0,0
bpRNA_CRW_20956,189,75,12,49,0,14,0,0
bpRNA_CRW_20958,169,64,12,40,0,12,0,0
bpRNA_CRW_20959,161,58,8,37,0,13,0,0
bpRNA_CRW_20960,192,74,12,50,0,12,0,0
bpRNA_CRW_20963,164,67,12,40,0,15,0,0
bpRNA_CRW_20964,172,63,12,37,0,14,0,0
bpRNA_CRW_20965,167,67,16,42,0,9,0,0
bpRNA_CRW_20966,163,66,12,40,0,14,0,0
bpRNA_CRW_20967,199,82,12,58,0,12,0,0
bpRNA_CRW_20968,193,71,12,49,0,10,0,0
bpRNA_CRW_20969,181,71,13,48,1,9,0,0
bpRNA_CRW_20970,161,64,9,41,0,14,0,0
bpRNA_CRW_20972,170,68,13,43,1,11,0,0
bpRNA_CRW_20973,207,87,13,61,0,13,0,0
bpRNA_CRW_20974,194,76,11,52,0,13,0,0
bpRNA_CRW_20975,192,79,13,53,0,13,0,0
bpRNA_CRW_20976,205,83,13,58,0,12,0,0
bpRNA_CRW_20977,180,72,13,48,0,11,0,0
bpRNA_CRW_20979,192,74,14,50,1,9,0,0
bpRNA_CRW_20980,181,74,13,49,2,10,0,0
bpRNA_CRW_20981,205,77,9,53,0,15,0,0
bpRNA_CRW_20982,177,69,10,45,0,14,0,0
bpRNA_CRW_20985,204,83,11,59,0,13,0,0
bpRNA_CRW_20986,197,77,9,54,0,14,0,0
bpRNA_CRW_20987,186,69,11,45,0,13,0,0
bpRNA_CRW_20988,196,77,10,54,0,13,0,0
bpRNA_CRW_20991,201,78,13,54,0,11,0,0
bpRNA_CRW_20993,177,66,9,44,0,13,0,0
bpRNA_CRW_20995,202,79,10,56,0,13,0,0
bpRNA_CRW_20998,197,78,12,51,0,15,0,0
bpRNA_CRW_21006,173,66,14,42,0,10,0,0
bpRNA_CRW_21008,195,78,12,52,0,14,0,0
bpRNA_CRW_21009,160,62,14,37,0,11,0,0
bpRNA_CRW_21010,168,66,11,43,0,12,0,0
bpRNA_CRW_21016,194,70,9,49,0,12,0,0
bpRNA_CRW_21017,206,79,13,55,0,11,0,0
bpRNA_CRW_21018,207,77,9,56,0,12,0,0
bpRNA_CRW_21024,184,67,11,44,0,12,0,0
bpRNA_CRW_21025,191,69,13,44,0,12,0,0
bpRNA_CRW_21026,162,61,11,36,0,14,0,0
bpRNA_CRW_21031,166,65,12,39,0,14,0,0
bpRNA_CRW_21033,193,76,13,50,0,13,0,0
bpRNA_CRW_21034,204,86,12,61,0,13,0,0
bpRNA_CRW_21036,169,67,12,41,0,14,0,0
bpRNA_CRW_21041,208,83,15,56,2,10,0,0
bpRNA_CRW_21043,194,76,13,50,0,13,0,0
bpRNA_CRW_21045,204,77,10,54,0,13,0,0
bpRNA_CRW_21046,173,71,13,45,0,13,0,0
bpRNA_CRW_21047,184,69,12,47,2,8,0,0
bpRNA_CRW_21049,191,70,9,46,0,15,0,0
bpRNA_CRW_21051,202,81,10,58,0,13,0,0
bpRNA_CRW_21052,189,75,13,50,1,11,0,0
bpRNA_CRW_21053,174,68,14,43,0,11,0,0
bpRNA_CRW_21055,203,80,11,58,1,10,0,0
bpRNA_CRW_21056,204,78,10,57,0,11,0,0
bpRNA_CRW_21057,189,72,10,49,0,13,0,0
bpRNA_CRW_21058,170,72,12,49,0,11,0,0
bpRNA_CRW_21059,182,66,10,42,0,14,0,0
bpRNA_CRW_21060,174,69,11,44,0,14,0,0
bpRNA_CRW_21061,200,79,15,52,1,11,0,0
bpRNA_CRW_21069,166,67,15,42,0,10,0,0
bpRNA_CRW_21070,192,76,10,54,0,12,0,0
bpRNA_CRW_21071,193,76,13,52,1,10,0,0
bpRNA_CRW_21076,205,81,12,57,0,12,0,0
bpRNA_CRW_21077,170,67,10,44,0,13,0,0
bpRNA_CRW_21099,171,68,11,47,0,10,0,0
bpRNA_CRW_21107,178,71,16,46,2,7,0,0
bpRNA_CRW_21115,174,70,14,45,1,10,0,0
bpRNA_CRW_21121,204,76,12,51,0,13,0,0
bpRNA_CRW_21129,192,72,9,52,0,11,0,0
bpRNA_CRW_21130,161,68,15,43,0,10,0,0
bpRNA_CRW_21131,193,75,11,51,0,13,0,0
bpRNA_CRW_21133,176,70,12,45,0,13,0,0
bpRNA_CRW_21138,207,80,10,56,0,14,0,0
bpRNA_CRW_21141,165,70,13,45,0,12,0,0
bpRNA_CRW_21145,208,82,12,58,0,12,0,0
bpRNA_CRW_21147,167,67,14,42,1,10,0,0
bpRNA_CRW_21148,184,74,10,49,0,15,0,0
bpRNA_CRW_21149,204,81,13,55,0,13,0,0
bpRNA_CRW_21150,172,68,16,42,0,10,0,0
bpRNA_CRW_21151,208,81,11,58,0,12,0,0
bpRNA_CRW_21152,198,84,12,59,0,13,0,0
bpRNA_CRW_21153,172,65,10,44,0,11,0,0
bpRNA_CRW_21155,165,65,13,41,1,10,0,0
bpRNA_CRW_21164,162,63,16,37,1,9,0,0
bpRNA_CRW_21165,169,68,13,45,0,10,0,0
bpRNA_CRW_21166,189,74,12,48,0,14,0,0
bpRNA_CRW_21169,171,70,13,44,0,13,0,0
bpRNA_CRW_21170,195,76,10,54,0,12,0,0
bpRNA_CRW_21171,198,80,12,59,0,9,0,0
bpRNA_CRW_21175,204,76,13,50,0,13,0,0
bpRNA_CRW_21177,160,65,11,42,1,11,0,0
bpRNA_CRW_21182,180,72,14,47,1,10,0,0
bpRNA_CRW_21194,192,77,11,52,0,14,0,0
bpRNA_CRW_21198,170,69,15,43,1,10,0,0
bpRNA_CRW_21199,167,70,13,45,0,12,0,0
bpRNA_CRW_21200,203,80,13,55,0,12,0,0
bpRNA_CRW_21202,158,62,12,36,0,14,0,0
bpRNA_CRW_21204,180,67,10,43,0,14,0,0
bpRNA_CRW_21206,174,68,12,42,0,14,0,0
bpRNA_CRW_21210,200,84,14,57,0,13,0,0
bpRNA_CRW_21211,199,76,10,53,0,13,0,0
bpRNA_CRW_21212,172,66,12,39,0,15,0,0
bpRNA_CRW_21219,163,65,14,38,0,13,0,0
bpRNA_CRW_21220,184,76,10,51,0,15,0,0
bpRNA_CRW_21225,182,71,13,45,0,13,0,0
bpRNA_CRW_21226,160,65,14,38,0,13,0,0
bpRNA_CRW_21229,176,69,10,46,0,13,0,0
bpRNA_CRW_21230,175,68,13,44,0,11,0,0
bpRNA_CRW_21231,194,74,13,50,0,11,0,0
bpRNA_CRW_21232,203,76,11,53,0,12,0,0
bpRNA_CRW_21237,186,72,12,49,0,11,0,0
bpRNA_CRW_21238,161,60,11,37,0,12,0,0
bpRNA_CRW_21240,199,77,14,52,0,11,0,0
bpRNA_CRW_21241,162,66,15,41,0,10,0,0
bpRNA_CRW_21242,174,69,11,43,0,15,0,0
bpRNA_CRW_21248,173,67,14,43,0,10,0,0
bpRNA_CRW_21250,178,73,14,47,0,12,0,0
bpRNA_CRW_21257,171,67,11,43,1,12,0,0
bpRNA_CRW_21262,197,80,12,57,1,10,0,0
bpRNA_CRW_21263,189,75,11,52,2,10,0,0
bpRNA_CRW_21272,158,63,10,38,0,15,0,0
bpRNA_CRW_21273,160,64,11,40,0,13,0,0
bpRNA_CRW_21275,194,76,12,51,0,13,0,0
bpRNA_CRW_21277,194,84,14,56,0,14,0,0
bpRNA_CRW_21278,208,91,15,65,1,10,0,0
bpRNA_CRW_21290,182,73,11,49,1,12,0,0
bpRNA_CRW_21294,202,76,11,53,0,12,0,0
bpRNA_CRW_21295,202,78,11,55,1,11,0,0
bpRNA_CRW_21296,186,78,14,51,0,13,0,0
bpRNA_CRW_21303,159,68,14,41,0,13,0,0
bpRNA_CRW_21307,181,73,13,49,0,11,0,0
bpRNA_CRW_21310,167,72,13,47,1,11,0,0
bpRNA_CRW_21316,183,70,11,46,1,12,0,0
bpRNA_CRW_21319,168,67,10,43,0,14,0,0
bpRNA_CRW_21320,180,73,10,48,0,15,0,0
bpRNA_CRW_21332,182,75,15,50,0,10,0,0
bpRNA_CRW_21333,206,77,12,51,0,14,0,0
bpRNA_CRW_21341,178,71,13,46,0,12,0,0
bpRNA_CRW_21352,192,71,12,46,1,12,0,0
bpRNA_CRW_21355,173,67,14,44,0,9,0,0
bpRNA_CRW_21356,180,64,13,40,1,10,0,0
bpRNA_CRW_21357,183,72,15,47,1,9,0,0
bpRNA_CRW_21364,208,82,16,56,2,8,0,0
bpRNA_CRW_21370,171,67,16,42,0,9,0,0
bpRNA_CRW_21375,160,67,15,40,0,12,0,0
bpRNA_CRW_21376,162,69,14,43,0,12,0,0
bpRNA_CRW_21387,193,69,13,45,0,11,0,0
bpRNA_CRW_21389,179,74,16,49,2,7,0,0
bpRNA_CRW_21396,172,65,12,42,0,11,0,0
bpRNA_CRW_21398,186,72,15,46,1,10,0,0
bpRNA_CRW_21405,178,67,15,40,1,11,0,0
bpRNA_CRW_21408,171,76,10,51,0,15,0,0
bpRNA_CRW_21428,191,76,12,50,0,14,0,0
bpRNA_CRW_21452,197,72,12,48,1,11,0,0
bpRNA_CRW_21477,163,66,14,40,0,12,0,0
bpRNA_CRW_21479,205,81,13,56,0,12,0,0
bpRNA_CRW_21481,204,82,11,57,0,14,0,0
bpRNA_CRW_21489,203,82,12,56,0,14,0,0
bpRNA_CRW_21491,189,72,12,50,0,10,0,0
bpRNA_CRW_21495,186,71,9,49,0,13,0,0
bpRNA_CRW_21496,170,68,10,44,0,14,0,0
bpRNA_CRW_21508,184,72,11,47,0,14,0,0
bpRNA_CRW_21514,163,65,10,43,0,12,0,0
bpRNA_CRW_21518,175,71,14,44,0,13,0,0
bpRNA_CRW_21521,160,65,15,39,2,9,0,0
bpRNA_CRW_21523,159,62,12,37,0,13,0,0
bpRNA_CRW_21524,178,74,12,50,0,12,0,0
bpRNA_CRW_21526,164,67,9,43,0,15,0,0
bpRNA_CRW_21527,185,70,12,44,0,14,0,0
bpRNA_CRW_21529,159,59,12,35,0,12,0,0
bpRNA_CRW_21533,189,70,11,46,1,12,0,0
bpRNA_CRW_21535,204,83,14,56,2,11,0,0
bpRNA_CRW_21542,163,64,11,42,1,10,0,0
bpRNA_CRW_21544,185,79,14,53,0,12,0,0
bpRNA_CRW_21545,206,79,12,54,0,13,0,0
bpRNA_CRW_21546,176,69,10,46,1,12,0,0
bpRNA_CRW_21547,169,70,14,46,0,10,0,0
bpRNA_CRW_21552,192,76,10,52,0,14,0,0
bpRNA_CRW_21571,166,74,15,48,2,9,0,0
bpRNA_CRW_21581,175,71,12,47,0,12,0,0
bpRNA_CRW_21584,163,69,14,44,0,11,0,0
bpRNA_CRW_21586,202,80,13,56,0,11,0,0
bpRNA_CRW_21596,188,73,11,50,0,12,0,0
bpRNA_CRW_21599,207,76,12,53,0,11,0,0
bpRNA_CRW_21614,196,74,8,52,0,14,0,0
bpRNA_CRW_21616,166,71,12,46,1,12,0,0
bpRNA_CRW_21658,168,68,12,42,0,14,0,0
bpRNA_CRW_21661,171,71,14,46,1,10,0,0
bpRNA_CRW_21676,184,72,10,47,0,15,0,0
bpRNA_CRW_21679,193,76,12,52,0,12,0,0
bpRNA_CRW_21681,206,78,13,54,1,10,0,0
bpRNA_CRW_21684,196,77,12,52,0,13,0,0
bpRNA_CRW_21685,165,64,13,38,1,12,0,0
bpRNA_CRW_21687,169,68,12,42,0,14,0,0
bpRNA_CRW_21689,204,84,12,58,0,14,0,0
bpRNA_CRW_21694,168,67,8,44,0,15,0,0
bpRNA_CRW_21696,169,68,15,42,2,9,0,0
bpRNA_CRW_21700,161,69,16,43,1,9,0,0
bpRNA_CRW_21701,169,68,12,44,0,12,0,0
bpRNA_CRW_21702,172,70,12,46,1,11,0,0
bpRNA_CRW_21704,174,67,16,42,2,7,0,0
bpRNA_CRW_21705,166,66,12,40,0,14,0,0
bpRNA_CRW_21706,160,66,14,40,1,11,0,0
bpRNA_CRW_21740,185,76,15,50,1,10,0,0
bpRNA_CRW_21743,201,82,16,55,2,9,0,0
bpRNA_CRW_21745,199,78,14,53,1,10,0,0
bpRNA_CRW_21749,198,75,14,50,1,10,0,0
bpRNA_CRW_21763,165,66,9,42,0,15,0,0
bpRNA_CRW_21764,159,66,13,40,1,12,0,0
bpRNA_CRW_21767,201,79,8,56,0,15,0,0
bpRNA_CRW_21769,193,73,12,48,0,13,0,0
bpRNA_CRW_21770,178,74,13,49,0,12,0,0
bpRNA_CRW_21776,167,61,11,38,0,12,0,0
bpRNA_CRW_21777,176,73,13,47,0,13,0,0
bpRNA_CRW_21781,159,62,10,37,0,15,0,0
bpRNA_CRW_21782,160,60,11,37,0,12,0,0
bpRNA_CRW_21799,207,81,12,57,0,12,0,0
bpRNA_CRW_21800,184,71,15,45,1,10,0,0
bpRNA_CRW_21802,191,76,13,51,0,12,0,0
bpRNA_CRW_21830,191,76,12,50,1,13,0,0
bpRNA_CRW_21831,197,78,14,51,2,11,0,0
bpRNA_CRW_21834,205,81,13,55,1,12,0,0
bpRNA_CRW_21839,191,82,16,56,1,9,0,0
bpRNA_CRW_21840,158,63,12,40,0,11,0,0
bpRNA_CRW_21841,182,76,12,49,0,15,0,0
bpRNA_CRW_21843,204,82,10,59,0,13,0,0
bpRNA_CRW_21845,190,77,10,54,0,13,0,0
bpRNA_CRW_21847,187,72,11,49,2,10,0,0
bpRNA_CRW_21860,168,62,10,41,0,11,0,0
bpRNA_CRW_21862,181,70,13,45,0,12,0,0
bpRNA_CRW_21868,183,71,12,47,0,12,0,0
bpRNA_CRW_21882,170,63,11,40,0,12,0,0
bpRNA_CRW_21887,180,70,9,48,0,13,0,0
bpRNA_CRW_21891,160,54,9,32,0,13,0,0
bpRNA_CRW_21907,197,85,11,60,0,14,0,0
bpRNA_CRW_21909,181,68,11,46,0,11,0,0
bpRNA_CRW_21919,175,61,10,37,0,14,0,0
bpRNA_CRW_21920,168,62,11,37,0,14,0,0
bpRNA_CRW_21927,186,74,12,48,1,13,0,0
bpRNA_CRW_21971,175,66,14,40,0,12,0,0
bpRNA_CRW_21972,180,78,14,52,2,10,0,0
bpRNA_CRW_21975,174,68,12,43,0,13,0,0
bpRNA_CRW_21980,187,75,13,50,1,11,0,0
bpRNA_CRW_22003,162,64,13,38,1,12,0,0
bpRNA_CRW_22004,188,70,16,44,2,8,0,0
bpRNA_CRW_22005,159,63,16,38,2,7,0,0
bpRNA_CRW_22006,159,67,12,42,0,13,0,0
bpRNA_CRW_22013,168,63,12,38,0,13,0,0
bpRNA_CRW_22014,169,61,14,34,1,12,0,0
bpRNA_CRW_22015,164,66,13,42,1,10,0,0
bpRNA_CRW_22025,177,68,14,43,0,11,0,0
bpRNA_CRW_22026,193,68,12,44,0,12,0,0
bpRNA_CRW_22028,174,73,13,48,0,12,0,0
bpRNA_CRW_22030,181,68,9,45,0,14,0,0
bpRNA_CRW_22034,195,80,13,54,1,12,0,0
bpRNA_CRW_22035,185,71,12,46,1,12,0,0
bpRNA_CRW_22036,174,72,14,46,0,12,0,0
bpRNA_CRW_22037,195,77,13,53,1,10,0,0
bpRNA_CRW_22038,175,69,16,44,0,9,0,0
bpRNA_CRW_22044,201,78,12,52,1,13,0,0
bpRNA_CRW_22045,198,73,12,49,0,12,0,0
bpRNA_CRW_22046,176,68,10,44,0,14,0,0
bpRNA_CRW_22047,198,75,11,51,0,13,0,0
bpRNA_CRW_22048,174,69,14,44,1,10,0,0
bpRNA_CRW_22049,201,79,10,55,0,14,0,0
bpRNA_CRW_22051,189,76,14,51,0,11,0,0
bpRNA_CRW_22055,195,81,12,56,0,13,0,0
bpRNA_CRW_22058,186,77,14,52,1,10,0,0
bpRNA_CRW_22060,201,78,10,54,0,14,0,0
bpRNA_CRW_22061,176,72,10,50,0,12,0,0
bpRNA_CRW_22062,188,76,12,51,2,11,0,0
bpRNA_CRW_22068,188,71,9,48,0,14,0,0
bpRNA_CRW_22077,166,71,13,45,1,12,0,0
bpRNA_CRW_22105,167,61,17,34,1,9,0,0
bpRNA_CRW_22106,170,68,12,43,0,13,0,0
bpRNA_CRW_22108,166,69,14,44,0,11,0,0
bpRNA_CRW_22119,179,78,16,51,1,10,0,0
bpRNA_CRW_22120,165,64,15,39,2,8,0,0
bpRNA_CRW_22128,173,67,12,42,0,13,0,0
bpRNA_CRW_22148,176,65,10,42,1,12,0,0
bpRNA_CRW_22158,196,80,11,56,0,13,0,0
bpRNA_CRW_22162,179,66,14,42,0,10,0,0
bpRNA_CRW_22172,181,71,13,47,3,8,0,0
bpRNA_CRW_22176,194,80,14,56,0,10,0,0
bpRNA_CRW_22183,206,79,16,54,2,7,0,0
bpRNA_CRW_22189,201,80,12,55,0,13,0,0
bpRNA_CRW_22190,169,69,13,43,0,13,0,0
bpRNA_CRW_22204,158,63,13,39,0,11,0,0
bpRNA_CRW_22217,171,67,12,43,1,11,0,0
bpRNA_CRW_22227,181,73,11,51,0,11,0,0
bpRNA_CRW_22280,198,82,13,56,1,12,0,0
bpRNA_CRW_22291,169,64,13,40,0,11,0,0
bpRNA_CRW_22292,175,69,11,46,0,12,0,0
bpRNA_CRW_22294,163,66,11,42,0,13,0,0
bpRNA_CRW_22300,182,66,11,42,0,13,0,0
bpRNA_CRW_22305,183,74,13,47,1,13,0,0
bpRNA_CRW_22306,174,66,14,39,1,12,0,0
bpRNA_CRW_22307,183,78,13,55,0,10,0,0
bpRNA_CRW_22308,178,74,14,49,0,11,0,0
bpRNA_CRW_22311,199,71,14,44,0,13,0,0
bpRNA_CRW_22312,200,81,13,56,0,12,0,0
bpRNA_CRW_22315,204,79,14,55,0,10,0,0
bpRNA_CRW_22320,201,75,13,51,0,11,0,0
bpRNA_CRW_22321,176,67,15,40,0,12,0,0
bpRNA_CRW_22324,204,82,14,56,1,11,0,0
bpRNA_CRW_22325,208,76,14,52,0,10,0,0
bpRNA_CRW_22326,168,69,11,46,0,12,0,0
bpRNA_CRW_22327,181,73,10,49,0,14,0,0
bpRNA_CRW_22362,166,65,16,40,1,8,0,0
bpRNA_CRW_22364,167,65,10,42,0,13,0,0
bpRNA_CRW_22365,165,65,13,43,0,9,0,0
bpRNA_CRW_22366,168,65,16,38,0,11,0,0
bpRNA_CRW_22367,167,66,13,40,0,13,0,0
bpRNA_CRW_22368,183,72,15,48,2,7,0,0
bpRNA_CRW_22377,185,71,15,46,0,10,0,0
bpRNA_CRW_22381,204,79,12,57,0,10,0,0
bpRNA_CRW_22384,175,73,13,49,0,11,0,0
bpRNA_CRW_22385,171,71,13,46,0,12,0,0
bpRNA_CRW_22387,162,69,13,42,0,14,0,0
bpRNA_CRW_22390,169,65,13,40,1,11,0,0
bpRNA_CRW_22393,206,85,12,60,0,13,0,0
bpRNA_CRW_22394,192,82,14,56,1,11,0,0
bpRNA_CRW_22395,191,73,9,50,0,14,0,0
bpRNA_CRW_22397,176,73,12,46,0,15,0,0
bpRNA_CRW_22402,183,76,14,49,0,13,0,0
bpRNA_CRW_22409,174,65,11,44,0,10,0,0
bpRNA_CRW_22411,162,63,13,39,0,11,0,0
bpRNA_CRW_22419,163,59,14,34,0,11,0,0
bpRNA_CRW_22423,197,76,15,50,0,11,0,0
bpRNA_CRW_22426,185,69,11,45,0,13,0,0
bpRNA_CRW_22429,208,90,12,65,0,13,0,0
bpRNA_CRW_22432,181,70,13,46,0,11,0,0
bpRNA_CRW_22439,208,82,14,56,1,11,0,0
bpRNA_CRW_22441,161,72,14,44,1,13,0,0
bpRNA_CRW_22446,204,87,14,61,0,12,0,0
bpRNA_CRW_22456,200,85,13,57,0,15,0,0
bpRNA_CRW_22458,192,72,11,47,0,14,0,0
bpRNA_CRW_22470,160,66,16,41,2,7,0,0
bpRNA_CRW_22472,179,72,16,46,1,9,0,0
bpRNA_CRW_22473,162,57,13,33,0,11,0,0
bpRNA_CRW_22479,158,63,12,40,0,11,0,0
bpRNA_CRW_22486,181,67,14,42,0,11,0,0
bpRNA_CRW_22487,180,70,12,46,0,12,0,0
bpRNA_CRW_22497,161,64,10,39,0,15,0,0
bpRNA_CRW_22498,200,80,10,56,1,13,0,0
bpRNA_CRW_22499,207,82,14,56,1,11,0,0
bpRNA_CRW_22500,178,68,13,41,0,14,0,0
bpRNA_CRW_22501,194,80,11,55,0,14,0,0
bpRNA_CRW_22502,163,64,11,40,0,13,0,0
bpRNA_CRW_22503,192,74,13,48,0,13,0,0
bpRNA_CRW_22504,159,63,14,37,0,12,0,0
bpRNA_CRW_22505,161,61,13,38,0,10,0,0
bpRNA_CRW_22508,160,62,13,35,0,14,0,0
bpRNA_CRW_22519,181,68,11,45,0,12,0,0
bpRNA_CRW_22528,158,61,15,36,0,10,0,0
bpRNA_CRW_22531,207,80,11,55,1,13,0,0
bpRNA_CRW_22557,189,69,11,47,1,10,0,0
bpRNA_CRW_22558,166,67,11,43,0,13,0,0
bpRNA_CRW_22560,183,68,13,43,0,12,0,0
bpRNA_CRW_22562,158,63,15,39,3,6,0,0
bpRNA_CRW_22569,193,80,13,52,0,15,0,0
bpRNA_CRW_22584,178,68,14,44,0,10,0,0
bpRNA_CRW_22586,183,74,13,51,0,10,0,0
bpRNA_CRW_22587,179,68,10,45,0,13,0,0
bpRNA_CRW_22588,203,84,14,58,0,12,0,0
bpRNA_CRW_22590,160,62,13,37,0,12,0,0
bpRNA_CRW_22591,183,75,12,50,0,13,0,0
bpRNA_CRW_22593,170,69,12,45,0,12,0,0
bpRNA_CRW_22595,158,66,11,40,0,15,0,0
bpRNA_CRW_22596,187,72,13,46,0,13,0,0
bpRNA_CRW_22597,202,84,15,59,3,7,0,0
bpRNA_CRW_22599,162,67,14,41,0,12,0,0
bpRNA_CRW_22600,178,70,12,45,0,13,0,0
bpRNA_CRW_22601,200,80,16,52,1,11,0,0
bpRNA_CRW_22608,186,79,16,53,2,8,0,0
bpRNA_CRW_22609,165,63,12,39,0,12,0,0
bpRNA_CRW_22614,161,67,13,43,0,11,0,0
bpRNA_CRW_22616,191,81,14,55,0,12,0,0
bpRNA_CRW_22617,167,68,11,45,0,12,0,0
bpRNA_CRW_22621,189,74,12,49,0,13,0,0
bpRNA_CRW_22632,158,65,12,40,0,13,0,0
bpRNA_CRW_22634,175,69,12,44,0,13,0,0
bpRNA_CRW_22636,177,72,15,45,0,12,0,0
bpRNA_CRW_22637,171,70,11,45,0,14,0,0
bpRNA_CRW_22638,187,70,11,45,0,14,0,0
bpRNA_CRW_22640,200,78,15,51,1,11,0,0
bpRNA_CRW_22642,185,71,10,48,0,13,0,0
bpRNA_CRW_22643,180,70,12,44,0,14,0,0
bpRNA_CRW_22644,206,84,12,57,0,15,0,0
bpRNA_CRW_22645,164,63,10,39,1,13,0,0
bpRNA_CRW_22647,196,81,12,54,0,15,0,0
bpRNA_CRW_22653,182,74,14,50,2,8,0,0
bpRNA_CRW_22790,201,77,9,54,0,14,0,0
bpRNA_CRW_22801,190,72,13,47,1,11,0,0
bpRNA_CRW_22802,195,79,12,56,0,11,0,0
bpRNA_CRW_22803,169,67,14,42,1,10,0,0
bpRNA_CRW_22808,180,73,13,49,0,11,0,0
bpRNA_CRW_22813,181,69,11,44,0,14,0,0
bpRNA_CRW_22814,181,71,12,50,0,9,0,0
bpRNA_CRW_22821,197,79,13,55,0,11,0,0
bpRNA_CRW_22828,185,78,11,53,0,14,0,0
bpRNA_CRW_22829,178,67,11,45,0,11,0,0
bpRNA_CRW_22834,173,70,12,44,0,14,0,0
bpRNA_CRW_22836,170,69,14,42,1,12,0,0
bpRNA_CRW_22837,205,81,14,55,1,11,0,0
bpRNA_CRW_22838,202,81,13,54,1,13,0,0
bpRNA_CRW_22839,192,72,13,50,0,9,0,0
bpRNA_CRW_22842,190,79,12,53,0,14,0,0
bpRNA_CRW_22843,167,73,14,47,0,12,0,0
bpRNA_CRW_22845,183,72,15,46,1,10,0,0
bpRNA_CRW_22846,188,73,13,47,0,13,0,0
bpRNA_CRW_22847,199,81,13,55,0,13,0,0
bpRNA_CRW_22851,196,81,14,56,0,11,0,0
bpRNA_CRW_22852,186,72,14,48,0,10,0,0
bpRNA_CRW_22853,204,76,10,53,0,13,0,0
bpRNA_CRW_22856,166,59,13,35,0,11,0,0
bpRNA_CRW_22870,178,71,14,46,0,11,0,0
bpRNA_CRW_22871,198,75,12,51,1,11,0,0
bpRNA_CRW_22875,158,58,11,36,0,11,0,0
bpRNA_CRW_22877,199,76,10,52,0,14,0,0
bpRNA_CRW_22878,176,65,14,41,0,10,0,0
bpRNA_CRW_22879,200,85,14,59,0,12,0,0
bpRNA_CRW_22881,208,84,10,61,0,13,0,0
bpRNA_CRW_22882,178,80,14,53,0,13,0,0
bpRNA_CRW_22883,159,63,12,37,0,14,0,0
bpRNA_CRW_22884,208,81,11,56,0,14,0,0
bpRNA_CRW_22885,187,75,11,52,0,12,0,0
bpRNA_CRW_22887,207,84,13,60,1,10,0,0
bpRNA_CRW_22888,179,67,13,43,1,10,0,0
bpRNA_CRW_22889,161,61,11,38,0,12,0,0
bpRNA_CRW_22890,176,70,12,44,0,14,0,0
bpRNA_CRW_22891,200,79,15,54,1,9,0,0
bpRNA_CRW_22896,184,77,14,51,0,12,0,0
bpRNA_CRW_22920,185,80,13,55,1,11,0,0
bpRNA_CRW_22948,162,67,15,42,1,9,0,0
bpRNA_CRW_22951,177,75,14,49,0,12,0,0
bpRNA_CRW_22957,182,65,9,42,0,14,0,0
bpRNA_CRW_22958,192,71,9,48,0,14,0,0
bpRNA_CRW_22959,174,67,13,41,1,12,0,0
bpRNA_CRW_22962,163,64,13,39,0,12,0,0
bpRNA_CRW_22963,203,77,15,52,0,10,0,0
bpRNA_CRW_22965,171,63,13,40,0,10,0,0
bpRNA_CRW_22966,170,62,10,40,0,12,0,0
bpRNA_CRW_22967,198,76,10,52,0,14,0,0
bpRNA_CRW_22969,171,60,10,37,0,13,0,0
bpRNA_CRW_22983,204,77,14,54,2,7,0,0
bpRNA_CRW_22984,175,70,13,46,2,9,0,0
bpRNA_CRW_22985,194,76,13,51,1,11,0,0
bpRNA_CRW_22988,169,71,15,44,0,12,0,0
bpRNA_CRW_23003,187,79,16,53,2,8,0,0
bpRNA_CRW_23004,163,55,13,31,1,10,0,0
bpRNA_CRW_23005,183,71,13,47,1,10,0,0
bpRNA_CRW_23007,204,83,15,58,1,9,0,0
bpRNA_CRW_23019,162,58,10,34,0,14,0,0
bpRNA_CRW_23023,188,75,10,52,0,13,0,0
bpRNA_CRW_23035,158,65,14,39,2,10,0,0
bpRNA_CRW_23038,205,77,11,52,0,14,0,0
bpRNA_CRW_23040,161,69,15,44,1,9,0,0
bpRNA_CRW_23053,173,68,12,45,0,11,0,0
bpRNA_CRW_23055,167,65,14,40,0,11,0,0
bpRNA_CRW_23056,180,68,14,41,1,12,0,0
bpRNA_CRW_23057,166,67,12,40,0,15,0,0
bpRNA_CRW_23058,197,82,11,56,0,15,0,0
bpRNA_CRW_23059,198,78,15,54,2,7,0,0
bpRNA_CRW_23071,187,79,13,53,0,13,0,0
bpRNA_CRW_23072,187,70,11,46,0,13,0,0
bpRNA_CRW_23074,207,88,14,62,0,12,0,0
bpRNA_CRW_23078,167,68,14,43,1,10,0,0
bpRNA_CRW_23080,191,75,12,51,0,12,0,0
bpRNA_CRW_23081,167,70,11,46,0,13,0,0
bpRNA_CRW_23101,159,61,13,36,0,12,0,0
bpRNA_CRW_23104,158,63,12,38,0,13,0,0
bpRNA_CRW_23119,193,73,15,47,1,10,0,0
bpRNA_CRW_23123,191,71,12,48,0,11,0,0
bpRNA_CRW_23127,158,66,15,40,1,10,0,0
bpRNA_CRW_23130,207,83,14,57,1,11,0,0
bpRNA_CRW_23143,170,71,13,46,0,12,0,0
bpRNA_CRW_23153,169,73,15,47,0,11,0,0
bpRNA_CRW_23155,198,80,16,54,1,9,0,0
bpRNA_CRW_23158,163,62,14,36,0,12,0,0
bpRNA_CRW_23159,206,86,12,60,0,14,0,0
bpRNA_CRW_23160,167,66,12,42,0,12,0,0
bpRNA_CRW_23163,171,69,9,46,0,14,0,0
bpRNA_CRW_23168,198,83,13,57,1,12,0,0
bpRNA_CRW_23170,174,67,13,43,1,10,0,0
bpRNA_CRW_23171,194,76,14,51,1,10,0,0
bpRNA_CRW_23176,197,78,13,52,1,12,0,0
bpRNA_CRW_23182,176,75,16,49,1,9,0,0
bpRNA_CRW_23188,165,59,16,32,3,8,0,0
bpRNA_CRW_23194,181,72,9,48,0,15,0,0
bpRNA_CRW_23195,208,77,9,55,0,13,0,0
bpRNA_CRW_23196,179,69,11,45,0,13,0,0
bpRNA_CRW_23197,191,77,11,52,0,14,0,0
bpRNA_CRW_23199,177,67,13,42,0,12,0,0
bpRNA_CRW_23200,208,82,11,57,0,14,0,0
bpRNA_CRW_23205,180,77,12,53,0,12,0,0
bpRNA_CRW_23206,180,71,10,48,0,13,0,0
bpRNA_CRW_23207,198,73,10,50,0,13,0,0
bpRNA_CRW_23208,185,76,11,50,0,15,0,0
bpRNA_CRW_23209,189,75,12,49,0,14,0,0
bpRNA_CRW_23212,200,73,9,51,0,13,0,0
bpRNA_CRW_23213,162,65,10,41,0,14,0,0
bpRNA_CRW_23214,172,72,10,48,0,14,0,0
bpRNA_CRW_23216,204,80,11,55,0,14,0,0
bpRNA_CRW_23217,205,82,13,57,0,12,0,0
bpRNA_CRW_23219,197,75,13,50,0,12,0,0
bpRNA_CRW_23223,158,66,14,40,1,11,0,0
bpRNA_CRW_23229,184,77,13,53,0,11,0,0
bpRNA_CRW_23235,181,75,12,48,0,15,0,0
bpRNA_CRW_23236,200,81,12,55,0,14,0,0
bpRNA_CRW_23239,183,68,10,43,0,15,0,0
bpRNA_CRW_23243,161,68,10,43,0,15,0,0
bpRNA_CRW_23247,169,66,11,41,0,14,0,0
bpRNA_CRW_23249,177,66,11,40,0,15,0,0
bpRNA_CRW_23250,160,70,11,44,0,15,0,0
bpRNA_CRW_23251,171,74,12,47,0,15,0,0
bpRNA_CRW_23252,200,76,10,53,0,13,0,0
bpRNA_CRW_23260,187,74,12,49,0,13,0,0
bpRNA_CRW_23263,182,71,12,45,0,14,0,0
bpRNA_CRW_23264,173,64,12,38,0,14,0,0
bpRNA_CRW_23265,195,76,13,51,1,11,0,0
bpRNA_CRW_23266,186,77,9,54,0,14,0,0
bpRNA_CRW_23268,198,76,11,52,0,13,0,0
bpRNA_CRW_23269,204,80,11,56,2,11,0,0
bpRNA_CRW_23270,176,70,10,45,0,15,0,0
bpRNA_CRW_23271,181,68,12,43,0,13,0,0
bpRNA_CRW_23273,188,73,10,48,0,15,0,0
bpRNA_CRW_23274,170,64,14,40,1,9,0,0
bpRNA_CRW_23276,185,68,12,44,0,12,0,0
bpRNA_CRW_23277,161,64,12,38,0,14,0,0
bpRNA_CRW_23281,168,68,14,43,0,11,0,0
bpRNA_CRW_23288,165,68,11,44,1,12,0,0
bpRNA_CRW_23289,164,71,11,45,0,15,0,0
bpRNA_CRW_23294,206,77,8,54,0,15,0,0
bpRNA_CRW_23297,196,76,13,51,0,12,0,0
bpRNA_CRW_23308,181,71,13,44,0,14,0,0
bpRNA_CRW_23313,170,72,10,47,0,15,0,0
bpRNA_CRW_23315,205,83,15,56,1,11,0,0
bpRNA_CRW_23325,190,76,11,50,0,15,0,0
bpRNA_CRW_23329,175,69,10,46,0,13,0,0
bpRNA_CRW_23335,200,80,11,54,0,15,0,0
bpRNA_CRW_23337,175,74,11,48,0,15,0,0
bpRNA_CRW_23342,202,73,11,51,1,10,0,0
bpRNA_CRW_23355,164,67,12,42,0,13,0,0
bpRNA_CRW_23356,161,62,11,36,0,15,0,0
bpRNA_CRW_23357,172,70,10,45,0,15,0,0
bpRNA_CRW_23358,183,69,11,45,0,13,0,0
bpRNA_CRW_23359,178,69,15,43,2,9,0,0
bpRNA_CRW_23361,201,82,12,57,0,13,0,0
bpRNA_CRW_23363,165,63,12,39,0,12,0,0
bpRNA_CRW_23365,174,66,10,42,0,14,0,0
bpRNA_CRW_23366,190,70,12,45,1,12,0,0
bpRNA_CRW_23370,161,62,12,38,0,12,0,0
bpRNA_CRW_23374,198,76,9,53,0,14,0,0
bpRNA_CRW_23376,205,85,11,59,0,15,0,0
bpRNA_CRW_23384,179,74,11,48,0,15,0,0
bpRNA_CRW_23385,182,72,12,47,0,13,0,0
bpRNA_CRW_23386,194,79,12,53,0,14,0,0
bpRNA_CRW_23389,202,75,13,50,1,11,0,0
bpRNA_CRW_23390,186,75,12,49,0,14,0,0
bpRNA_CRW_23392,203,80,12,55,1,12,0,0
bpRNA_CRW_23393,173,67,11,41,0,15,0,0
bpRNA_CRW_23396,203,75,12,50,0,13,0,0
bpRNA_CRW_23397,187,67,10,46,0,11,0,0
bpRNA_CRW_23400,185,71,14,47,1,9,0,0
bpRNA_CRW_23401,184,76,13,51,0,12,0,0
bpRNA_CRW_23402,181,69,13,41,0,15,0,0
bpRNA_CRW_23403,168,66,11,41,0,14,0,0
bpRNA_CRW_23404,171,71,10,49,0,12,0,0
bpRNA_CRW_23405,168,71,10,47,0,14,0,0
bpRNA_CRW_23406,183,72,14,47,1,10,0,0
bpRNA_CRW_23407,175,75,12,49,1,13,0,0
bpRNA_CRW_23408,161,72,14,46,2,10,0,0
bpRNA_CRW_23409,162,66,13,41,1,11,0,0
bpRNA_CRW_23410,175,70,13,43,0,14,0,0
bpRNA_CRW_23412,208,87,15,61,2,9,0,0
bpRNA_CRW_23413,170,74,13,49,0,12,0,0
bpRNA_CRW_23416,164,65,10,42,0,13,0,0
bpRNA_CRW_23418,189,72,11,47,0,14,0,0
bpRNA_CRW_23419,173,68,12,41,0,15,0,0
bpRNA_CRW_23420,204,80,13,54,1,12,0,0
bpRNA_CRW_23422,170,65,14,39,1,11,0,0
bpRNA_CRW_23426,202,78,12,52,1,13,0,0
bpRNA_CRW_23428,192,73,9,51,0,13,0,0
bpRNA_CRW_23433,191,79,12,53,0,14,0,0
bpRNA_CRW_23436,162,65,9,42,0,14,0,0
bpRNA_CRW_23439,173,70,11,45,0,14,0,0
bpRNA_CRW_23441,207,78,11,53,0,14,0,0
bpRNA_CRW_23447,186,78,11,54,0,13,0,0
bpRNA_CRW_23452,191,75,12,50,0,13,0,0
bpRNA_CRW_23454,171,66,9,44,0,13,0,0
bpRNA_CRW_23457,187,73,13,48,1,11,0,0
bpRNA_CRW_23458,206,77,10,54,0,13,0,0
bpRNA_CRW_23459,163,65,12,39,0,14,0,0
bpRNA_CRW_23460,193,77,14,53,0,10,0,0
bpRNA_CRW_23461,166,62,10,37,0,15,0,0
bpRNA_CRW_23462,201,84,12,57,0,15,0,0
bpRNA_CRW_23463,178,69,9,45,0,15,0,0
bpRNA_CRW_23465,205,86,12,60,1,13,0,0
bpRNA_CRW_23466,189,76,13,52,0,11,0,0
bpRNA_CRW_23467,177,80,14,55,1,10,0,0
bpRNA_CRW_23469,202,81,11,56,0,14,0,0
bpRNA_CRW_23470,162,68,14,43,2,9,0,0
bpRNA_CRW_23471,167,62,11,39,0,12,0,0
bpRNA_CRW_23474,171,67,12,41,0,14,0,0
bpRNA_CRW_23476,179,71,11,46,1,13,0,0
bpRNA_CRW_23477,206,79,12,54,1,12,0,0
bpRNA_CRW_23479,176,69,13,44,0,12,0,0
bpRNA_CRW_23480,206,79,12,55,1,11,0,0
bpRNA_CRW_23482,159,62,11,38,1,12,0,0
bpRNA_CRW_23486,197,75,13,51,0,11,0,0
bpRNA_CRW_23487,181,69,12,45,1,11,0,0
bpRNA_CRW_23489,165,66,12,41,1,12,0,0
bpRNA_CRW_23490,176,71,12,46,0,13,0,0
bpRNA_CRW_23494,188,72,14,47,2,9,0,0
bpRNA_CRW_23497,177,71,10,47,0,14,0,0
bpRNA_CRW_23498,185,76,13,50,2,11,0,0
bpRNA_CRW_23503,176,68,14,42,3,9,0,0
bpRNA_CRW_23505,203,78,11,52,0,15,0,0
bpRNA_CRW_23508,192,78,13,51,1,13,0,0
bpRNA_CRW_23524,177,74,12,48,1,13,0,0
bpRNA_CRW_23553,166,71,12,44,0,15,0,0
bpRNA_CRW_23555,177,71,11,46,0,14,0,0
bpRNA_CRW_23568,185,75,14,49,3,9,0,0
bpRNA_CRW_23569,176,75,14,49,2,10,0,0
bpRNA_CRW_23571,208,82,13,55,1,13,0,0
bpRNA_CRW_23573,169,73,13,47,1,12,0,0
bpRNA_CRW_23579,193,80,12,54,1,13,0,0
bpRNA_CRW_23588,187,78,12,52,0,14,0,0
bpRNA_CRW_23589,183,74,12,48,0,14,0,0
bpRNA_CRW_23591,174,69,12,45,0,12,0,0
bpRNA_CRW_23592,158,64,11,38,0,15,0,0
bpRNA_CRW_23593,192,74,14,48,2,10,0,0
bpRNA_CRW_23594,178,73,11,47,0,15,0,0
bpRNA_CRW_23599,158,61,12,35,0,14,0,0
bpRNA_CRW_23601,190,74,13,48,2,11,0,0
bpRNA_CRW_23603,180,64,10,41,0,13,0,0
bpRNA_CRW_23604,164,69,11,44,0,14,0,0
bpRNA_CRW_23605,165,63,8,40,0,15,0,0
bpRNA_CRW_23607,173,64,11,38,0,15,0,0
bpRNA_CRW_23612,173,67,13,41,0,13,0,0
bpRNA_CRW_23613,169,68,8,45,0,15,0,0
bpRNA_CRW_23614,164,65,13,38,1,13,0,0
bpRNA_CRW_23618,200,80,10,56,0,14,0,0
bpRNA_CRW_23619,166,62,11,39,0,12,0,0
bpRNA_CRW_23621,174,68,13,43,2,10,0,0
bpRNA_CRW_23622,167,68,12,41,0,15,0,0
bpRNA_CRW_23623,174,67,13,42,1,11,0,0
bpRNA_CRW_23625,183,66,12,42,0,12,0,0
bpRNA_CRW_23631,168,65,16,37,3,9,0,0
bpRNA_CRW_23635,176,72,12,45,0,15,0,0
bpRNA_CRW_23636,199,79,13,53,0,13,0,0
bpRNA_CRW_23638,175,72,12,47,0,13,0,0
bpRNA_CRW_23639,201,80,12,54,0,14,0,0
bpRNA_CRW_23640,168,66,10,42,0,14,0,0
bpRNA_CRW_23641,164,62,10,37,0,15,0,0
bpRNA_CRW_23642,161,64,11,39,0,14,0,0
bpRNA_CRW_23643,165,59,12,35,0,12,0,0
bpRNA_CRW_23644,189,76,12,51,0,13,0,0
bpRNA_CRW_23645,187,77,12,52,2,11,0,0
bpRNA_CRW_23648,162,65,13,41,1,10,0,0
bpRNA_CRW_23649,160,67,14,40,2,11,0,0
bpRNA_CRW_23651,164,70,14,43,2,11,0,0
bpRNA_CRW_23652,164,61,10,37,0,14,0,0
bpRNA_CRW_23653,181,74,12,48,1,13,0,0
bpRNA_CRW_23656,204,80,14,52,0,14,0,0
bpRNA_CRW_23657,160,64,14,37,2,11,0,0
bpRNA_CRW_23658,167,67,12,41,1,13,0,0
bpRNA_CRW_23664,202,83,11,59,0,13,0,0
bpRNA_CRW_23666,172,65,9,42,0,14,0,0
bpRNA_CRW_23667,186,71,11,45,0,15,0,0
bpRNA_CRW_23670,185,73,11,48,0,14,0,0
bpRNA_CRW_23671,164,67,14,41,0,12,0,0
bpRNA_CRW_23672,176,71,13,45,0,13,0,0
bpRNA_CRW_23673,161,58,12,33,0,13,0,0
bpRNA_CRW_23674,205,82,13,55,0,14,0,0
bpRNA_CRW_23675,177,71,11,45,0,15,0,0
bpRNA_CRW_23676,178,69,12,44,1,12,0,0
bpRNA_CRW_23678,202,84,13,56,0,15,0,0
bpRNA_CRW_23683,205,88,14,61,1,12,0,0
bpRNA_CRW_23688,183,70,12,46,0,12,0,0
bpRNA_CRW_23689,158,67,15,40,2,10,0,0
bpRNA_CRW_23690,179,72,13,46,0,13,0,0
bpRNA_CRW_23691,187,71,12,45,0,14,0,0
bpRNA_CRW_23695,168,75,13,47,0,15,0,0
bpRNA_CRW_23698,189,72,13,45,1,13,0,0
bpRNA_CRW_23709,172,71,13,48,0,10,0,0
bpRNA_CRW_23710,180,68,11,46,0,11,0,0
bpRNA_CRW_23711,208,91,13,67,0,11,0,0
bpRNA_CRW_23723,167,60,14,36,1,9,0,0
bpRNA_CRW_23724,181,74,13,51,0,10,0,0
bpRNA_CRW_23725,166,64,13,42,0,9,0,0
bpRNA_CRW_23731,200,81,11,56,0,14,0,0
bpRNA_CRW_23732,159,65,10,42,2,11,0,0
bpRNA_CRW_23733,205,79,13,55,0,11,0,0
bpRNA_CRW_23734,170,67,14,43,0,10,0,0
bpRNA_CRW_23735,199,76,12,52,0,12,0,0
bpRNA_CRW_23738,192,75,14,48,1,12,0,0
bpRNA_CRW_23747,192,76,12,53,0,11,0,0
bpRNA_CRW_23761,179,76,15,49,1,11,0,0
bpRNA_CRW_23762,175,68,14,44,0,10,0,0
bpRNA_CRW_23763,170,63,12,41,1,9,0,0
bpRNA_CRW_23764,161,61,12,39,0,10,0,0
bpRNA_CRW_23766,160,66,13,40,0,13,0,0
bpRNA_CRW_23770,166,64,13,40,0,11,0,0
bpRNA_CRW_23776,175,74,13,47,0,14,0,0
bpRNA_CRW_23780,162,57,13,34,1,9,0,0
bpRNA_CRW_23794,188,72,11,48,0,13,0,0
bpRNA_CRW_23795,204,81,11,58,0,12,0,0
bpRNA_CRW_23796,158,59,12,38,0,9,0,0
bpRNA_CRW_23797,165,67,14,42,0,11,0,0
bpRNA_CRW_23798,158,63,12,39,0,12,0,0
bpRNA_CRW_23799,162,63,12,38,0,13,0,0
bpRNA_CRW_23818,174,68,14,44,0,10,0,0
bpRNA_CRW_23819,189,72,13,46,1,12,0,0
bpRNA_CRW_23820,189,82,14,55,1,12,0,0
bpRNA_CRW_23821,173,65,10,42,0,13,0,0
bpRNA_CRW_23826,180,73,15,46,0,12,0,0
bpRNA_CRW_23828,164,70,15,43,0,12,0,0
bpRNA_CRW_23831,185,70,15,44,1,10,0,0
bpRNA_CRW_23833,181,73,15,47,1,10,0,0
bpRNA_CRW_23834,175,70,13,45,0,12,0,0
bpRNA_CRW_23835,188,69,14,42,0,13,0,0
bpRNA_CRW_23836,183,68,13,44,1,10,0,0
bpRNA_CRW_23837,183,74,14,48,0,12,0,0
bpRNA_CRW_23851,181,65,15,40,1,9,0,0
bpRNA_CRW_23857,198,85,14,60,0,11,0,0
bpRNA_CRW_23862,186,72,14,46,0,12,0,0
bpRNA_CRW_23863,173,76,14,51,2,9,0,0
bpRNA_CRW_23867,158,63,13,37,0,13,0,0
bpRNA_CRW_23880,190,77,12,54,0,11,0,0
bpRNA_CRW_23888,169,66,12,40,0,14,0,0
bpRNA_CRW_23902,165,67,13,41,0,13,0,0
bpRNA_CRW_23903,193,73,12,51,1,9,0,0
bpRNA_CRW_23910,160,64,12,38,0,14,0,0
bpRNA_CRW_23920,171,62,12,37,0,13,0,0
bpRNA_CRW_23923,164,67,12,41,1,13,0,0
bpRNA_CRW_23924,193,84,14,59,0,11,0,0
bpRNA_CRW_23932,158,66,14,41,0,11,0,0
bpRNA_CRW_23933,196,80,15,54,0,11,0,0
bpRNA_CRW_23944,164,71,13,45,0,13,0,0
bpRNA_CRW_23945,166,70,13,44,0,13,0,0
bpRNA_CRW_23953,171,71,16,46,0,9,0,0
bpRNA_CRW_23958,168,65,13,41,0,11,0,0
bpRNA_CRW_23960,194,80,14,54,0,12,0,0
bpRNA_CRW_23963,174,67,12,44,1,10,0,0
bpRNA_CRW_23981,159,61,10,37,0,14,0,0
bpRNA_CRW_23986,162,67,14,43,0,10,0,0
bpRNA_CRW_23987,165,62,15,37,0,10,0,0
bpRNA_CRW_24005,165,59,10,38,0,11,0,0
bpRNA_CRW_24021,158,56,12,35,0,9,0,0
bpRNA_CRW_24022,166,67,10,44,0,13,0,0
bpRNA_CRW_24023,166,64,12,39,0,13,0,0
bpRNA_CRW_24024,189,73,14,49,2,8,0,0
bpRNA_CRW_24042,183,65,11,43,0,11,0,0
bpRNA_CRW_24043,180,69,12,45,0,12,0,0
bpRNA_CRW_24044,206,75,11,53,0,11,0,0
bpRNA_CRW_24046,193,75,13,52,0,10,0,0
bpRNA_CRW_24047,204,82,12,57,0,13,0,0
bpRNA_CRW_24048,174,71,13,45,0,13,0,0
bpRNA_CRW_24066,159,59,12,33,0,14,0,0
bpRNA_CRW_24069,168,71,14,47,1,9,0,0
bpRNA_CRW_24070,207,85,12,59,0,14,0,0
bpRNA_CRW_24072,165,61,15,37,0,9,0,0
bpRNA_CRW_24075,203,77,13,54,1,9,0,0
bpRNA_CRW_24076,185,72,11,49,0,12,0,0
bpRNA_CRW_24077,185,68,11,44,0,13,0,0
bpRNA_CRW_24080,180,70,14,45,0,11,0,0
bpRNA_CRW_24082,208,82,14,57,1,10,0,0
bpRNA_CRW_24088,208,80,14,57,0,9,0,0
bpRNA_CRW_24092,186,74,13,49,1,11,0,0
bpRNA_CRW_24093,175,67,10,43,0,14,0,0
bpRNA_CRW_24097,199,78,14,54,0,10,0,0
bpRNA_CRW_24099,192,73,14,48,0,11,0,0
bpRNA_CRW_24101,202,78,13,54,0,11,0,0
bpRNA_CRW_24111,165,66,12,43,0,11,0,0
bpRNA_CRW_24117,176,72,16,48,1,7,0,0
bpRNA_CRW_24133,197,74,10,51,0,13,0,0
bpRNA_CRW_24134,168,69,13,44,0,12,0,0
bpRNA_CRW_24135,189,73,12,50,0,11,0,0
bpRNA_CRW_24136,174,66,12,42,0,12,0,0
bpRNA_CRW_24138,171,75,13,48,0,14,0,0
bpRNA_CRW_24140,199,78,15,51,1,11,0,0
bpRNA_CRW_24143,169,66,13,43,0,10,0,0
bpRNA_CRW_24144,203,78,10,54,0,14,0,0
bpRNA_CRW_24145,173,61,14,35,0,12,0,0
bpRNA_CRW_24148,199,85,12,61,0,12,0,0
bpRNA_CRW_24154,202,75,12,51,0,12,0,0
bpRNA_CRW_24157,195,75,11,51,0,13,0,0
bpRNA_CRW_24162,194,77,11,51,0,15,0,0
bpRNA_CRW_24163,183,70,13,43,0,14,0,0
bpRNA_CRW_24164,201,82,14,56,1,11,0,0
bpRNA_CRW_24165,171,67,13,42,0,12,0,0
bpRNA_CRW_24166,170,67,15,43,0,9,0,0
bpRNA_CRW_24167,159,62,13,38,1,10,0,0
bpRNA_CRW_24169,168,66,11,40,0,15,0,0
bpRNA_CRW_24170,183,74,14,47,0,13,0,0
bpRNA_CRW_24175,191,75,12,51,0,12,0,0
bpRNA_CRW_24176,195,74,15,50,0,9,0,0
bpRNA_CRW_24177,173,74,14,49,0,11,0,0
bpRNA_CRW_24178,190,75,13,49,0,13,0,0
bpRNA_CRW_24180,183,74,15,48,1,10,0,0
bpRNA_CRW_24181,197,81,12,56,0,13,0,0
bpRNA_CRW_24182,161,60,11,34,0,15,0,0
bpRNA_CRW_24196,166,70,14,44,0,12,0,0
bpRNA_CRW_24197,208,80,15,54,3,8,0,0
bpRNA_CRW_24198,176,64,11,44,0,9,0,0
bpRNA_CRW_24199,173,69,16,44,1,8,0,0
bpRNA_CRW_24203,170,69,10,44,0,15,0,0
bpRNA_CRW_24204,187,72,10,51,0,11,0,0
bpRNA_CRW_24206,200,77,12,53,0,12,0,0
bpRNA_CRW_24207,206,86,15,59,1,11,0,0
bpRNA_CRW_24208,165,74,15,48,0,11,0,0
bpRNA_CRW_24212,190,79,13,55,0,11,0,0
bpRNA_CRW_24216,192,78,11,53,0,14,0,0
bpRNA_CRW_24233,191,79,10,55,0,14,0,0
bpRNA_CRW_24237,171,73,12,48,0,13,0,0
bpRNA_CRW_24238,208,81,13,53,0,15,0,0
bpRNA_CRW_24254,184,75,12,51,0,12,0,0
bpRNA_CRW_24255,177,71,13,46,0,12,0,0
bpRNA_CRW_24261,167,69,13,46,0,10,0,0
bpRNA_CRW_24262,182,65,11,42,0,12,0,0
bpRNA_CRW_24265,160,63,12,37,1,13,0,0
bpRNA_CRW_24271,204,81,11,57,0,13,0,0
bpRNA_CRW_24272,192,74,13,49,1,11,0,0
bpRNA_CRW_24283,206,81,13,56,0,12,0,0
bpRNA_CRW_24297,205,86,14,62,1,9,0,0
bpRNA_CRW_24308,176,68,15,43,0,10,0,0
bpRNA_CRW_24309,161,67,14,41,0,12,0,0
bpRNA_CRW_24310,173,67,12,42,0,13,0,0
bpRNA_CRW_24325,158,66,15,38,1,12,0,0
bpRNA_CRW_24329,194,74,14,49,1,10,0,0
bpRNA_CRW_24330,167,67,13,40,0,14,0,0
bpRNA_CRW_24331,187,75,12,49,0,14,0,0
bpRNA_CRW_24340,175,72,14,46,0,12,0,0
bpRNA_CRW_24341,175,73,14,46,0,13,0,0
bpRNA_CRW_24342,183,73,14,48,1,10,0,0
bpRNA_CRW_24345,159,55,11,31,0,13,0,0
bpRNA_CRW_24347,192,78,13,52,0,13,0,0
bpRNA_CRW_24348,186,74,14,49,0,11,0,0
bpRNA_CRW_24356,177,73,12,47,0,14,0,0
bpRNA_CRW_24358,190,80,15,52,0,13,0,0
bpRNA_CRW_24378,188,72,13,49,0,10,0,0
bpRNA_CRW_24379,206,81,11,57,0,13,0,0
bpRNA_CRW_24381,191,78,13,51,0,14,0,0
bpRNA_CRW_24383,200,85,13,59,0,13,0,0
bpRNA_CRW_24394,192,77,13,52,0,12,0,0
bpRNA_CRW_24395,194,77,9,54,0,14,0,0
bpRNA_CRW_24397,200,76,13,50,0,13,0,0
bpRNA_CRW_24398,160,61,11,37,0,13,0,0
bpRNA_CRW_24401,202,82,12,57,0,13,0,0
bpRNA_CRW_24426,161,63,11,39,0,13,0,0
bpRNA_CRW_24427,193,78,10,53,0,15,0,0
bpRNA_CRW_24428,206,83,12,59,2,10,0,0
bpRNA_CRW_24429,164,66,13,43,0,10,0,0
bpRNA_CRW_24436,160,58,13,33,1,11,0,0
bpRNA_CRW_24437,176,72,14,47,0,11,0,0
bpRNA_CRW_24438,175,69,13,47,0,9,0,0
bpRNA_CRW_24445,190,75,12,49,0,14,0,0
bpRNA_CRW_24462,182,76,12,51,0,13,0,0
bpRNA_CRW_24463,192,80,13,54,0,13,0,0
bpRNA_CRW_24464,197,82,11,57,0,14,0,0
bpRNA_CRW_24465,159,67,13,39,0,15,0,0
bpRNA_CRW_24466,175,65,14,40,0,11,0,0
bpRNA_CRW_24469,195,76,15,50,1,10,0,0
bpRNA_CRW_24470,165,66,15,41,1,9,0,0
bpRNA_CRW_24471,167,63,14,39,0,10,0,0
bpRNA_CRW_24472,167,67,12,42,0,13,0,0
bpRNA_CRW_24474,194,78,12,55,0,11,0,0
bpRNA_CRW_24475,170,64,12,39,0,13,0,0
bpRNA_CRW_24476,164,67,13,42,0,12,0,0
bpRNA_CRW_24478,169,70,13,43,0,14,0,0
bpRNA_CRW_24479,171,64,12,39,0,13,0,0
bpRNA_CRW_24481,198,77,12,51,0,14,0,0
bpRNA_CRW_24482,174,74,13,51,1,9,0,0
bpRNA_CRW_24483,199,84,16,58,1,9,0,0
bpRNA_CRW_24484,168,71,13,44,0,14,0,0
bpRNA_CRW_24485,197,79,12,55,1,11,0,0
bpRNA_CRW_24487,204,78,14,53,0,11,0,0
bpRNA_CRW_24496,164,66,11,41,0,14,0,0
bpRNA_CRW_24498,192,76,14,51,2,9,0,0
bpRNA_CRW_24499,174,71,14,44,0,13,0,0
bpRNA_CRW_24500,196,71,13,47,0,11,0,0
bpRNA_CRW_24502,183,69,12,44,0,13,0,0
bpRNA_CRW_24503,190,74,12,51,0,11,0,0
bpRNA_CRW_24504,202,79,14,53,0,12,0,0
bpRNA_CRW_24507,161,60,10,39,0,11,0,0
bpRNA_CRW_24508,204,74,11,52,0,11,0,0
bpRNA_CRW_24509,200,75,9,54,0,12,0,0
bpRNA_CRW_24511,158,63,12,36,0,15,0,0
bpRNA_CRW_24515,190,81,12,56,0,13,0,0
bpRNA_CRW_24519,177,70,13,44,0,13,0,0
bpRNA_CRW_24525,198,81,14,56,0,11,0,0
bpRNA_CRW_24526,161,59,15,35,0,9,0,0
bpRNA_CRW_24527,194,74,11,49,0,14,0,0
bpRNA_CRW_24528,198,79,12,54,0,13,0,0
bpRNA_CRW_24537,160,61,13,36,0,12,0,0
bpRNA_CRW_24538,208,86,12,62,0,12,0,0
bpRNA_CRW_24558,205,82,14,57,1,10,0,0
bpRNA_CRW_24560,194,74,11,49,0,14,0,0
bpRNA_CRW_24570,179,75,12,49,0,14,0,0
bpRNA_CRW_24574,176,68,13,44,0,11,0,0
bpRNA_CRW_24581,180,69,13,43,0,13,0,0
bpRNA_CRW_24590,196,71,13,45,0,13,0,0
bpRNA_CRW_24591,175,67,14,42,0,11,0,0
bpRNA_CRW_24592,175,68,10,44,0,14,0,0
bpRNA_CRW_24593,194,77,13,53,0,11,0,0
bpRNA_CRW_24606,182,70,12,44,0,14,0,0
bpRNA_CRW_24610,164,64,11,39,1,13,0,0
bpRNA_CRW_24611,189,76,12,51,1,12,0,0
bpRNA_CRW_24616,173,67,13,44,0,10,0,0
bpRNA_CRW_24620,170,69,12,45,0,12,0,0
bpRNA_CRW_24626,167,70,15,44,0,11,0,0
bpRNA_CRW_24639,203,83,14,57,0,12,0,0
bpRNA_CRW_24640,195,74,11,50,1,12,0,0
bpRNA_CRW_24643,176,67,11,44,0,12,0,0
bpRNA_CRW_24645,165,59,12,36,0,11,0,0
bpRNA_CRW_24646,185,78,12,51,0,15,0,0
bpRNA_CRW_24647,200,75,13,50,0,12,0,0
bpRNA_CRW_24651,170,68,13,41,0,14,0,0
bpRNA_CRW_24658,198,78,13,53,0,12,0,0
bpRNA_CRW_24659,191,73,10,49,0,14,0,0
bpRNA_CRW_24660,172,65,10,43,0,12,0,0
bpRNA_CRW_24671,207,84,10,61,0,13,0,0
bpRNA_CRW_24678,172,64,10,42,0,12,0,0
bpRNA_CRW_24703,207,82,15,57,1,9,0,0
bpRNA_CRW_24706,199,74,11,52,0,11,0,0
bpRNA_CRW_24707,187,74,13,52,1,8,0,0
bpRNA_CRW_24728,171,64,15,38,2,9,0,0
bpRNA_CRW_24731,188,71,16,45,2,8,0,0
bpRNA_CRW_24742,179,73,12,47,0,14,0,0
bpRNA_CRW_24743,169,69,14,44,0,11,0,0
bpRNA_CRW_24746,175,70,12,44,0,14,0,0
bpRNA_CRW_24756,196,82,14,57,0,11,0,0
bpRNA_CRW_24759,207,83,12,61,1,9,0,0
bpRNA_CRW_24760,166,71,16,46,2,7,0,0
bpRNA_CRW_24761,194,78,14,51,0,13,0,0
bpRNA_CRW_24765,167,67,13,41,0,13,0,0
bpRNA_CRW_24772,206,85,9,63,0,13,0,0
bpRNA_CRW_24779,170,66,11,40,0,15,0,0
bpRNA_CRW_24786,196,74,11,49,0,14,0,0
bpRNA_CRW_24791,192,81,12,54,0,15,0,0
bpRNA_CRW_24797,176,66,13,43,1,9,0,0
bpRNA_CRW_24798,183,75,13,49,0,13,0,0
bpRNA_CRW_24817,177,74,15,47,1,11,0,0
bpRNA_CRW_24839,177,72,14,47,1,10,0,0
bpRNA_CRW_24841,180,66,10,43,0,13,0,0
bpRNA_CRW_24844,184,67,10,45,0,12,0,0
bpRNA_CRW_24876,189,74,13,49,1,11,0,0
bpRNA_CRW_24892,183,74,16,48,2,8,0,0
bpRNA_CRW_24893,160,68,12,41,0,15,0,0
bpRNA_CRW_24901,174,74,14,49,1,10,0,0
bpRNA_CRW_24903,159,61,16,35,2,8,0,0
bpRNA_CRW_24907,168,72,15,46,1,10,0,0
bpRNA_CRW_24911,189,74,10,50,0,14,0,0
bpRNA_CRW_24919,162,59,12,36,2,9,0,0
bpRNA_CRW_24930,175,70,13,45,0,12,0,0
bpRNA_CRW_24932,198,77,8,55,0,14,0,0
bpRNA_CRW_24951,193,77,12,53,0,12,0,0
bpRNA_CRW_24957,178,63,11,38,0,14,0,0
bpRNA_CRW_24989,172,67,11,44,1,11,0,0
bpRNA_CRW_24995,201,81,14,55,1,11,0,0
bpRNA_CRW_25006,170,66,13,40,0,13,0,0
bpRNA_CRW_25007,159,62,12,38,0,12,0,0
bpRNA_CRW_25012,183,72,11,47,0,14,0,0
bpRNA_CRW_25013,179,74,16,47,0,11,0,0
bpRNA_CRW_25026,204,82,15,57,3,7,0,0
bpRNA_CRW_25037,192,76,9,53,0,14,0,0
bpRNA_CRW_25038,173,66,10,45,0,11,0,0
bpRNA_CRW_25064,199,77,13,52,2,10,0,0
bpRNA_CRW_25065,165,65,15,39,1,10,0,0
bpRNA_CRW_25082,186,74,14,49,0,11,0,0
bpRNA_CRW_25083,163,67,13,42,0,12,0,0
bpRNA_CRW_25084,203,76,12,53,2,9,0,0
bpRNA_CRW_25089,180,77,14,50,0,13,0,0
bpRNA_CRW_25093,162,64,12,40,0,12,0,0
bpRNA_CRW_25094,160,60,13,36,0,11,0,0
bpRNA_CRW_25095,201,76,10,52,0,14,0,0
bpRNA_CRW_25096,165,59,13,38,0,8,0,0
bpRNA_CRW_25098,166,59,10,39,0,10,0,0
bpRNA_CRW_25099,182,73,12,48,0,13,0,0
bpRNA_CRW_25100,208,87,15,61,0,11,0,0
bpRNA_CRW_25101,204,80,12,57,0,11,0,0
bpRNA_CRW_25103,199,79,12,55,0,12,0,0
bpRNA_CRW_25104,169,65,12,42,0,11,0,0
bpRNA_CRW_25106,197,75,11,50,0,14,0,0
bpRNA_CRW_25120,187,77,15,51,0,11,0,0
bpRNA_CRW_25121,163,64,11,39,0,14,0,0
bpRNA_CRW_25124,161,67,14,40,1,12,0,0
bpRNA_CRW_25126,178,74,12,48,0,14,0,0
bpRNA_CRW_25129,184,72,12,48,0,12,0,0
bpRNA_CRW_25130,188,71,13,47,1,10,0,0
bpRNA_CRW_25132,201,73,11,50,0,12,0,0
bpRNA_CRW_25133,207,84,15,56,0,13,0,0
bpRNA_CRW_25135,185,76,15,49,3,9,0,0
bpRNA_CRW_25137,203,80,10,56,0,14,0,0
bpRNA_CRW_25140,164,63,12,39,0,12,0,0
bpRNA_CRW_25146,171,68,13,44,0,11,0,0
bpRNA_CRW_25147,191,77,11,52,0,14,0,0
bpRNA_CRW_25148,167,69,14,42,1,12,0,0
bpRNA_CRW_25151,160,59,14,35,1,9,0,0
bpRNA_CRW_25155,170,74,12,48,0,14,0,0
bpRNA_CRW_25163,176,72,15,47,1,9,0,0
bpRNA_CRW_25165,193,73,10,51,0,12,0,0
bpRNA_CRW_25174,183,68,9,45,0,14,0,0
bpRNA_CRW_25180,179,70,10,48,0,12,0,0
bpRNA_CRW_25183,203,70,12,47,0,11,0,0
bpRNA_CRW_25185,167,70,14,45,0,11,0,0
bpRNA_CRW_25193,179,76,15,50,1,10,0,0
bpRNA_CRW_25199,186,72,9,51,0,12,0,0
bpRNA_CRW_25207,159,60,11,37,0,12,0,0
bpRNA_CRW_25208,166,67,12,42,1,12,0,0
bpRNA_CRW_25212,207,85,11,60,0,14,0,0
bpRNA_CRW_25218,195,75,13,52,0,10,0,0
bpRNA_CRW_25226,168,63,11,41,1,10,0,0
bpRNA_CRW_25227,180,78,16,52,1,9,0,0
bpRNA_CRW_25237,179,68,11,44,0,13,0,0
bpRNA_CRW_25241,187,74,12,49,0,13,0,0
bpRNA_CRW_25244,161,62,13,40,0,9,0,0
bpRNA_CRW_25245,180,74,13,51,0,10,0,0
bpRNA_CRW_25246,180,74,14,48,1,11,0,0
bpRNA_CRW_25256,202,73,14,48,1,10,0,0
bpRNA_CRW_25262,182,74,15,47,0,12,0,0
bpRNA_CRW_25263,193,79,11,54,0,14,0,0
bpRNA_CRW_25270,189,72,13,49,0,10,0,0
bpRNA_CRW_25273,175,70,11,45,0,14,0,0
bpRNA_CRW_25278,161,65,13,40,0,12,0,0
bpRNA_CRW_25279,181,79,15,53,0,11,0,0
bpRNA_CRW_25280,189,75,12,50,0,13,0,0
bpRNA_CRW_25281,205,85,16,58,0,11,0,0
bpRNA_CRW_25287,201,80,12,56,0,12,0,0
bpRNA_CRW_25288,171,68,15,43,1,9,0,0
bpRNA_CRW_25303,159,65,13,37,0,15,0,0
bpRNA_CRW_25304,198,81,14,55,0,12,0,0
bpRNA_CRW_25305,173,68,14,41,0,13,0,0
bpRNA_CRW_25306,192,78,14,51,1,12,0,0
bpRNA_CRW_25307,183,73,12,47,0,14,0,0
bpRNA_CRW_25308,182,73,9,52,0,12,0,0
bpRNA_CRW_25309,165,63,10,39,0,14,0,0
bpRNA_CRW_25311,165,68,13,44,1,10,0,0
bpRNA_CRW_25312,197,79,15,52,0,12,0,0
bpRNA_CRW_25313,171,68,13,43,0,12,0,0
bpRNA_CRW_25314,166,72,14,46,0,12,0,0
bpRNA_CRW_25315,192,68,15,43,1,9,0,0
bpRNA_CRW_25316,186,69,11,48,0,10,0,0
bpRNA_CRW_25318,200,83,13,59,0,11,0,0
bpRNA_CRW_25320,185,71,13,45,1,12,0,0
bpRNA_CRW_25324,164,64,12,38,0,14,0,0
bpRNA_CRW_25326,198,77,13,50,0,14,0,0
bpRNA_CRW_25330,175,67,12,44,0,11,0,0
bpRNA_CRW_25331,171,70,15,46,0,9,0,0
bpRNA_CRW_25332,173,67,14,44,0,9,0,0
bpRNA_CRW_25333,180,71,13,46,0,12,0,0
bpRNA_CRW_25334,183,75,13,51,0,11,0,0
bpRNA_CRW_25338,172,69,13,46,0,10,0,0
bpRNA_CRW_25339,192,81,15,56,1,9,0,0
bpRNA_CRW_25341,169,70,13,47,0,10,0,0
bpRNA_CRW_25345,206,83,14,56,0,13,0,0
bpRNA_CRW_25346,168,66,13,41,1,11,0,0
bpRNA_CRW_25347,158,60,14,36,0,10,0,0
bpRNA_CRW_25348,180,65,13,41,0,11,0,0
bpRNA_CRW_25349,162,67,14,44,0,9,0,0
bpRNA_CRW_25350,174,73,13,49,0,11,0,0
bpRNA_CRW_25351,171,73,14,47,1,11,0,0
bpRNA_CRW_25352,201,75,11,56,0,8,0,0
bpRNA_CRW_25353,182,74,14,49,0,11,0,0
bpRNA_CRW_25354,199,77,15,52,1,9,0,0
bpRNA_CRW_25355,201,86,13,60,0,13,0,0
bpRNA_CRW_25356,182,68,12,42,0,14,0,0
bpRNA_CRW_25357,168,68,15,42,0,11,0,0
bpRNA_CRW_25358,168,66,13,42,0,11,0,0
bpRNA_CRW_25359,190,76,10,54,0,12,0,0
bpRNA_CRW_25361,201,78,10,55,1,12,0,0
bpRNA_CRW_25363,193,68,8,47,0,13,0,0
bpRNA_CRW_25366,186,73,10,50,0,13,0,0
bpRNA_CRW_25367,163,63,10,39,0,14,0,0
bpRNA_CRW_25368,204,78,9,55,0,14,0,0
bpRNA_CRW_25369,204,80,11,58,0,11,0,0
bpRNA_CRW_25371,192,72,12,49,0,11,0,0
bpRNA_CRW_25372,200,78,11,55,0,12,0,0
bpRNA_CRW_25373,200,76,10,53,0,13,0,0
bpRNA_CRW_25374,205,83,11,59,0,13,0,0
bpRNA_CRW_25378,161,64,12,39,0,13,0,0
bpRNA_CRW_25380,175,70,13,46,0,11,0,0
bpRNA_CRW_25383,168,69,13,45,0,11,0,0
bpRNA_CRW_25387,182,68,13,44,0,11,0,0
bpRNA_CRW_25388,188,75,9,53,0,13,0,0
bpRNA_CRW_25389,189,73,15,47,1,10,0,0
bpRNA_CRW_25393,161,61,11,37,1,12,0,0
bpRNA_CRW_25394,165,63,12,40,0,11,0,0
bpRNA_CRW_25395,171,59,10,36,0,13,0,0
bpRNA_CRW_25398,160,60,11,37,1,11,0,0
bpRNA_CRW_25401,208,79,11,57,1,10,0,0
bpRNA_CRW_25404,202,77,12,53,0,12,0,0
bpRNA_CRW_25406,162,68,12,41,0,15,0,0
bpRNA_CRW_25409,199,73,12,46,0,15,0,0
bpRNA_CRW_25410,160,65,12,41,0,12,0,0
bpRNA_CRW_25411,181,75,13,49,1,12,0,0
bpRNA_CRW_25414,168,61,13,37,0,11,0,0
bpRNA_CRW_25415,206,80,9,56,0,15,0,0
bpRNA_CRW_25417,173,72,12,46,0,14,0,0
bpRNA_CRW_25419,202,81,13,56,0,12,0,0
bpRNA_CRW_25441,207,75,13,51,1,10,0,0
bpRNA_CRW_25444,194,77,13,52,0,12,0,0
bpRNA_CRW_25445,179,73,11,49,0,13,0,0
bpRNA_CRW_25446,186,72,11,49,0,12,0,0
bpRNA_CRW_25447,170,66,12,42,1,11,0,0
bpRNA_CRW_25449,180,71,11,46,1,13,0,0
bpRNA_CRW_25458,158,64,10,39,0,15,0,0
bpRNA_CRW_25459,163,66,16,41,1,8,0,0
bpRNA_CRW_25460,185,69,14,45,0,10,0,0
bpRNA_CRW_25461,164,65,12,41,1,11,0,0
bpRNA_CRW_25464,191,69,13,47,0,9,0,0
bpRNA_CRW_25466,168,64,14,40,1,9,0,0
bpRNA_CRW_25468,161,62,16,35,1,10,0,0
bpRNA_CRW_25469,184,67,10,44,0,13,0,0
bpRNA_CRW_25474,186,72,12,50,0,10,0,0
bpRNA_CRW_25477,158,61,12,38,0,11,0,0
bpRNA_CRW_25478,172,70,13,45,0,12,0,0
bpRNA_CRW_25479,195,67,10,43,0,14,0,0
bpRNA_CRW_25481,189,79,11,54,1,13,0,0
bpRNA_CRW_25483,204,84,11,58,0,15,0,0
bpRNA_CRW_25484,176,74,12,49,0,13,0,0
bpRNA_CRW_25486,201,81,13,56,0,12,0,0
bpRNA_CRW_25489,172,70,14,43,1,12,0,0
bpRNA_CRW_25491,187,72,13,46,0,13,0,0
bpRNA_CRW_25492,203,82,14,57,0,11,0,0
bpRNA_CRW_25504,192,79,13,53,0,13,0,0
bpRNA_CRW_25505,179,67,14,44,0,9,0,0
bpRNA_CRW_25506,175,67,12,43,1,11,0,0
bpRNA_CRW_25507,161,65,11,42,0,12,0,0
bpRNA_CRW_25508,194,78,12,51,0,15,0,0
bpRNA_CRW_25509,206,86,12,60,0,14,0,0
bpRNA_CRW_25510,172,63,11,38,0,14,0,0
bpRNA_CRW_25511,187,78,15,51,1,11,0,0
bpRNA_CRW_25513,207,84,13,60,0,11,0,0
bpRNA_CRW_25519,178,68,9,44,0,15,0,0
bpRNA_CRW_25521,190,75,13,50,1,11,0,0
bpRNA_CRW_25522,164,64,13,39,0,12,0,0
bpRNA_CRW_25523,180,69,12,46,0,11,0,0
bpRNA_CRW_25524,173,67,11,43,1,12,0,0
bpRNA_CRW_25525,202,82,13,57,0,12,0,0
bpRNA_CRW_25526,202,76,11,51,0,14,0,0
bpRNA_CRW_25527,197,74,13,51,0,10,0,0
bpRNA_CRW_25529,202,78,11,55,0,12,0,0
bpRNA_CRW_25530,163,64,13,39,1,11,0,0
bpRNA_CRW_25532,205,85,12,60,0,13,0,0
bpRNA_CRW_25534,192,71,15,44,0,12,0,0
bpRNA_CRW_25535,168,69,12,45,0,12,0,0
bpRNA_CRW_25536,208,81,10,57,0,14,0,0
bpRNA_CRW_25537,207,83,12,58,0,13,0,0
bpRNA_CRW_25539,179,67,14,40,0,13,0,0
bpRNA_CRW_25542,201,83,16,55,1,11,0,0
bpRNA_CRW_25551,161,64,9,41,0,14,0,0
bpRNA_CRW_25553,208,78,10,53,0,15,0,0
bpRNA_CRW_25560,205,80,11,57,0,12,0,0
bpRNA_CRW_25561,175,76,13,51,0,12,0,0
bpRNA_CRW_25562,160,61,12,37,0,12,0,0
bpRNA_CRW_25563,208,87,13,60,1,13,0,0
bpRNA_CRW_25564,170,66,13,40,0,13,0,0
bpRNA_CRW_25565,207,86,13,58,0,15,0,0
bpRNA_CRW_25566,176,70,12,46,0,12,0,0
bpRNA_CRW_25568,180,71,12,47,0,12,0,0
bpRNA_CRW_25569,181,77,14,51,1,11,0,0
bpRNA_CRW_25571,161,64,10,40,0,14,0,0
bpRNA_CRW_25572,207,85,11,62,0,12,0,0
bpRNA_CRW_25573,208,79,12,53,0,14,0,0
bpRNA_CRW_25574,199,73,13,51,0,9,0,0
bpRNA_CRW_25576,180,72,9,49,0,14,0,0
bpRNA_CRW_25577,190,71,10,46,0,15,0,0
bpRNA_CRW_25578,169,67,13,41,0,13,0,0
bpRNA_CRW_25579,168,66,15,43,1,7,0,0
bpRNA_CRW_25581,188,75,13,51,0,11,0,0
bpRNA_CRW_25582,182,76,13,51,0,12,0,0
bpRNA_CRW_25583,183,70,10,45,0,15,0,0
bpRNA_CRW_25584,200,76,10,53,0,13,0,0
bpRNA_CRW_25587,159,62,10,39,0,13,0,0
bpRNA_CRW_25588,171,70,14,42,0,14,0,0
bpRNA_CRW_25593,163,64,13,40,0,11,0,0
bpRNA_CRW_25594,189,80,12,54,0,14,0,0
bpRNA_CRW_25596,159,64,13,37,0,14,0,0
bpRNA_CRW_25598,158,63,13,39,0,11,0,0
bpRNA_CRW_25600,163,64,9,41,0,14,0,0
bpRNA_CRW_25601,184,73,13,45,0,15,0,0
bpRNA_CRW_25606,161,64,12,39,0,13,0,0
bpRNA_CRW_25608,185,74,12,49,0,13,0,0
bpRNA_CRW_25609,191,71,12,47,0,12,0,0
bpRNA_CRW_25612,182,75,12,50,0,13,0,0
bpRNA_CRW_25615,200,80,13,54,0,13,0,0
bpRNA_CRW_25616,190,75,16,48,0,11,0,0
bpRNA_CRW_25618,179,74,14,47,0,13,0,0
bpRNA_CRW_25619,172,71,12,45,0,14,0,0
bpRNA_CRW_25622,158,66,10,42,0,14,0,0
bpRNA_CRW_25624,191,79,13,53,0,13,0,0
bpRNA_CRW_25626,197,74,10,50,0,14,0,0
bpRNA_CRW_25628,202,76,11,50,0,15,0,0
bpRNA_CRW_25629,191,71,13,45,0,13,0,0
bpRNA_CRW_25630,166,61,14,37,1,9,0,0
bpRNA_CRW_25631,160,63,14,37,1,11,0,0
bpRNA_CRW_25632,188,75,14,49,1,11,0,0
bpRNA_CRW_25636,182,73,11,51,0,11,0,0
bpRNA_CRW_25648,176,71,11,47,0,13,0,0
bpRNA_CRW_25652,165,68,13,42,1,12,0,0
bpRNA_CRW_25653,173,65,13,41,0,11,0,0
bpRNA_CRW_25654,172,69,12,44,0,13,0,0
bpRNA_CRW_25657,205,85,12,61,0,12,0,0
bpRNA_CRW_25658,196,74,12,48,0,14,0,0
bpRNA_CRW_25661,171,67,12,42,0,13,0,0
bpRNA_CRW_25664,174,70,14,44,1,11,0,0
bpRNA_CRW_25665,174,61,13,38,1,9,0,0
bpRNA_CRW_25667,199,76,13,50,0,13,0,0
bpRNA_CRW_25668,195,76,12,54,2,8,0,0
bpRNA_CRW_25669,165,60,12,39,0,9,0,0
bpRNA_CRW_25673,176,69,12,45,0,12,0,0
bpRNA_CRW_25679,198,75,13,51,0,11,0,0
bpRNA_CRW_25684,161,67,13,42,0,12,0,0
bpRNA_CRW_25688,185,68,12,45,1,10,0,0
bpRNA_CRW_25689,164,67,10,43,0,14,0,0
bpRNA_CRW_25691,164,67,11,43,0,13,0,0
bpRNA_CRW_25692,162,57,11,35,0,11,0,0
bpRNA_CRW_25694,180,67,14,43,1,9,0,0
bpRNA_CRW_25699,174,67,11,43,0,13,0,0
bpRNA_CRW_25703,169,69,13,43,0,13,0,0
bpRNA_CRW_25708,188,75,12,51,0,12,0,0
bpRNA_CRW_25711,176,72,14,47,0,11,0,0
bpRNA_CRW_25717,173,70,11,45,0,14,0,0
bpRNA_CRW_25718,185,82,11,57,0,14,0,0
bpRNA_CRW_25720,166,70,14,45,1,10,0,0
bpRNA_CRW_25723,198,80,12,54,0,14,0,0
bpRNA_CRW_25724,182,75,13,49,0,13,0,0
bpRNA_CRW_25731,171,71,14,43,0,14,0,0
bpRNA_CRW_25732,203,79,13,54,0,12,0,0
bpRNA_CRW_25738,207,80,14,54,0,12,0,0
bpRNA_CRW_25740,169,64,14,39,0,11,0,0
bpRNA_CRW_25743,199,77,13,53,1,10,0,0
bpRNA_CRW_25746,173,66,14,42,0,10,0,0
bpRNA_CRW_25751,173,68,15,44,1,8,0,0
bpRNA_CRW_25753,184,68,12,43,0,13,0,0
bpRNA_CRW_25755,158,67,11,42,0,14,0,0
bpRNA_CRW_25757,186,65,12,39,0,14,0,0
bpRNA_CRW_25758,208,77,12,51,0,14,0,0
bpRNA_CRW_25761,171,66,15,39,1,11,0,0
bpRNA_CRW_25770,179,73,12,49,0,12,0,0
bpRNA_CRW_25772,175,65,12,40,0,13,0,0
bpRNA_CRW_25774,166,69,12,43,1,13,0,0
bpRNA_CRW_25776,205,75,14,51,0,10,0,0
bpRNA_CRW_25779,172,66,13,40,0,13,0,0
bpRNA_CRW_25790,186,70,13,46,0,11,0,0
bpRNA_CRW_25791,174,75,12,48,0,15,0,0
bpRNA_CRW_25793,184,73,14,47,1,11,0,0
bpRNA_CRW_25797,205,81,11,55,0,15,0,0
bpRNA_CRW_25798,180,70,13,43,0,14,0,0
bpRNA_CRW_25799,174,72,14,44,0,14,0,0
bpRNA_CRW_25800,167,64,12,39,0,13,0,0
bpRNA_CRW_25803,199,77,12,52,0,13,0,0
bpRNA_CRW_25804,201,79,15,53,0,11,0,0
bpRNA_CRW_25806,159,62,10,38,0,14,0,0
bpRNA_CRW_25807,183,70,10,46,0,14,0,0
bpRNA_CRW_25809,170,62,14,40,0,8,0,0
bpRNA_CRW_25810,205,81,11,56,0,14,0,0
bpRNA_CRW_25826,171,69,14,43,0,12,0,0
bpRNA_CRW_25827,196,78,13,52,1,12,0,0
bpRNA_CRW_25828,171,69,12,43,0,14,0,0
bpRNA_CRW_25829,173,69,12,45,0,12,0,0
bpRNA_CRW_25830,162,65,13,40,0,12,0,0
bpRNA_CRW_25836,184,69,9,46,0,14,0,0
bpRNA_CRW_25837,201,78,12,53,0,13,0,0
bpRNA_CRW_25840,202,74,10,52,0,12,0,0
bpRNA_CRW_25847,184,78,12,52,0,14,0,0
bpRNA_CRW_25855,184,70,8,48,0,14,0,0
bpRNA_CRW_25856,203,71,10,48,1,12,0,0
bpRNA_CRW_25857,174,72,10,47,0,15,0,0
bpRNA_CRW_25858,173,67,10,42,0,15,0,0
bpRNA_CRW_25859,198,75,14,50,1,10,0,0
bpRNA_CRW_25865,179,73,13,47,1,12,0,0
bpRNA_CRW_25867,187,79,15,52,1,11,0,0
bpRNA_CRW_25868,184,73,9,50,0,14,0,0
bpRNA_CRW_25869,170,76,15,49,1,11,0,0
bpRNA_CRW_25876,183,76,13,49,1,13,0,0
bpRNA_CRW_25877,202,79,12,53,0,14,0,0
bpRNA_CRW_25882,193,78,12,53,0,13,0,0
bpRNA_CRW_25884,204,79,13,56,1,9,0,0
bpRNA_CRW_25885,190,73,10,49,0,14,0,0
bpRNA_CRW_25892,171,65,12,43,0,10,0,0
bpRNA_CRW_25893,172,65,11,41,0,13,0,0
bpRNA_CRW_25894,203,81,9,57,0,15,0,0
bpRNA_CRW_25895,186,73,11,48,0,14,0,0
bpRNA_CRW_25896,161,67,10,42,0,15,0,0
bpRNA_CRW_25901,193,74,10,51,0,13,0,0
bpRNA_CRW_25904,164,61,10,39,0,12,0,0
bpRNA_CRW_25905,195,79,12,54,0,13,0,0
bpRNA_CRW_25917,167,68,13,40,0,15,0,0
bpRNA_CRW_25921,168,65,10,41,0,14,0,0
bpRNA_CRW_25925,196,76,13,53,0,10,0,0
bpRNA_CRW_25926,183,70,11,46,0,13,0,0
bpRNA_CRW_25937,193,78,13,52,0,13,0,0
bpRNA_CRW_25941,183,73,13,50,0,10,0,0
bpRNA_CRW_25942,178,66,13,41,0,12,0,0
bpRNA_CRW_25944,186,75,15,49,2,9,0,0
bpRNA_CRW_25947,159,66,10,41,0,15,0,0
bpRNA_CRW_25967,169,59,10,35,0,14,0,0
bpRNA_CRW_25968,174,70,13,47,0,10,0,0
bpRNA_CRW_25973,176,67,11,42,0,14,0,0
bpRNA_CRW_25975,161,68,12,41,0,15,0,0
bpRNA_CRW_25977,158,64,13,37,0,14,0,0
bpRNA_CRW_25984,172,64,10,40,0,14,0,0
bpRNA_CRW_25985,180,72,10,49,0,13,0,0
bpRNA_CRW_25990,206,83,11,59,1,12,0,0
bpRNA_CRW_25992,167,62,8,39,0,15,0,0
bpRNA_CRW_25995,176,72,13,46,0,13,0,0
bpRNA_CRW_25998,173,68,12,44,1,11,0,0
bpRNA_CRW_25999,192,72,12,49,0,11,0,0
bpRNA_CRW_26002,183,83,13,56,1,13,0,0
bpRNA_CRW_26004,180,71,11,49,0,11,0,0
bpRNA_CRW_26008,201,80,12,55,0,13,0,0
bpRNA_CRW_26009,184,82,12,58,1,11,0,0
bpRNA_CRW_26010,167,69,11,43,0,15,0,0
bpRNA_CRW_26014,164,67,15,40,0,12,0,0
bpRNA_CRW_26016,182,76,10,53,0,13,0,0
bpRNA_CRW_26017,165,66,11,44,0,11,0,0
bpRNA_CRW_26018,181,74,16,47,3,8,0,0
bpRNA_CRW_26020,167,66,13,40,2,11,0,0
bpRNA_CRW_26021,187,75,12,53,0,10,0,0
bpRNA_CRW_26025,208,82,13,55,0,14,0,0
bpRNA_CRW_26026,182,72,11,47,0,14,0,0
bpRNA_CRW_26027,176,69,12,42,0,15,0,0
bpRNA_CRW_26028,166,62,12,40,1,9,0,0
bpRNA_CRW_26029,175,70,13,46,0,11,0,0
bpRNA_CRW_26030,200,77,12,52,0,13,0,0
bpRNA_CRW_26032,208,84,13,60,0,11,0,0
bpRNA_CRW_26035,173,70,11,46,0,13,0,0
bpRNA_CRW_26036,166,67,13,42,0,12,0,0
bpRNA_CRW_26037,190,78,14,51,0,13,0,0
bpRNA_CRW_26038,195,76,11,52,0,13,0,0
bpRNA_CRW_26039,191,80,13,54,0,13,0,0
bpRNA_CRW_26040,195,79,14,53,0,12,0,0
bpRNA_CRW_26046,184,74,12,50,0,12,0,0
bpRNA_CRW_26047,168,64,9,42,0,13,0,0
bpRNA_CRW_26054,169,64,10,40,0,14,0,0
bpRNA_CRW_26055,208,83,12,59,1,11,0,0
bpRNA_CRW_26057,205,83,13,56,1,13,0,0
bpRNA_CRW_26058,178,72,12,46,1,13,0,0
bpRNA_CRW_26063,166,63,11,39,0,13,0,0
bpRNA_CRW_26079,171,68,13,41,0,14,0,0
bpRNA_CRW_26080,188,73,12,48,0,13,0,0
bpRNA_CRW_26085,181,76,13,51,1,11,0,0
bpRNA_CRW_26089,178,71,9,49,0,13,0,0
bpRNA_CRW_26090,186,77,12,50,0,15,0,0
bpRNA_CRW_26093,206,87,14,61,0,12,0,0
bpRNA_CRW_26095,192,78,11,53,0,14,0,0
bpRNA_CRW_26096,197,81,13,56,0,12,0,0
bpRNA_CRW_26109,171,66,12,41,0,13,0,0
bpRNA_CRW_26110,201,81,13,55,0,13,0,0
bpRNA_CRW_26113,197,78,13,54,0,11,0,0
bpRNA_CRW_26118,175,66,11,44,0,11,0,0
bpRNA_CRW_26119,183,68,10,45,0,13,0,0
bpRNA_CRW_26125,184,71,12,48,0,11,0,0
bpRNA_CRW_26126,176,70,12,46,1,11,0,0
bpRNA_CRW_26129,199,79,10,55,0,14,0,0
bpRNA_CRW_26131,174,65,10,42,0,13,0,0
bpRNA_CRW_26132,179,70,12,45,1,12,0,0
bpRNA_CRW_26135,166,62,10,39,0,13,0,0
bpRNA_CRW_26136,168,65,13,40,0,12,0,0
bpRNA_CRW_26140,169,65,12,41,0,12,0,0
bpRNA_CRW_26141,172,67,12,44,0,11,0,0
bpRNA_CRW_26142,185,71,13,44,0,14,0,0
bpRNA_CRW_26149,190,75,12,50,0,13,0,0
bpRNA_CRW_26151,184,73,10,50,0,13,0,0
bpRNA_CRW_26153,168,65,14,40,1,10,0,0
bpRNA_CRW_26160,175,69,14,44,1,10,0,0
bpRNA_CRW_26162,178,65,10,42,0,13,0,0
bpRNA_CRW_26165,163,64,14,39,1,10,0,0
bpRNA_CRW_26167,177,71,12,47,0,12,0,0
bpRNA_CRW_26168,200,82,13,57,1,11,0,0
bpRNA_CRW_26169,174,67,11,44,0,12,0,0
bpRNA_CRW_26170,193,77,12,53,0,12,0,0
bpRNA_CRW_26171,191,75,12,50,1,12,0,0
bpRNA_CRW_26186,206,82,11,57,1,13,0,0
bpRNA_CRW_26187,202,79,12,52,0,15,0,0
bpRNA_CRW_26190,207,87,10,62,0,15,0,0
bpRNA_CRW_26191,190,79,12,52,0,15,0,0
bpRNA_CRW_26193,162,66,13,40,0,13,0,0
bpRNA_CRW_26194,181,66,13,41,1,11,0,0
bpRNA_CRW_26198,187,72,9,49,0,14,0,0
bpRNA_CRW_26199,162,62,9,39,0,14,0,0
bpRNA_CRW_26200,192,71,11,46,0,14,0,0
bpRNA_CRW_26209,189,72,11,49,0,12,0,0
bpRNA_CRW_26210,178,71,11,50,0,10,0,0
bpRNA_CRW_26211,204,81,11,56,0,14,0,0
bpRNA_CRW_26213,189,68,11,44,0,13,0,0
bpRNA_CRW_26214,159,68,13,43,1,11,0,0
bpRNA_CRW_26215,163,66,12,41,0,13,0,0
bpRNA_CRW_26216,203,85,12,60,0,13,0,0
bpRNA_CRW_26217,166,69,13,42,1,13,0,0
bpRNA_CRW_26223,194,76,12,51,0,13,0,0
bpRNA_CRW_26224,163,63,10,38,0,15,0,0
bpRNA_CRW_26226,192,75,13,51,1,10,0,0
bpRNA_CRW_26227,182,74,12,48,0,14,0,0
bpRNA_CRW_26238,200,84,11,60,0,13,0,0
bpRNA_CRW_26239,170,65,14,39,0,12,0,0
bpRNA_CRW_26243,203,80,11,54,0,15,0,0
bpRNA_CRW_26246,169,69,12,43,0,14,0,0
bpRNA_CRW_26249,169,65,13,39,2,11,0,0
bpRNA_CRW_26257,175,66,10,43,1,12,0,0
bpRNA_CRW_26258,200,78,11,53,0,14,0,0
bpRNA_CRW_26259,189,75,10,52,0,13,0,0
bpRNA_CRW_26261,201,83,11,58,0,14,0,0
bpRNA_CRW_26268,196,77,14,51,0,12,0,0
bpRNA_CRW_26271,168,71,12,45,0,14,0,0
bpRNA_CRW_26272,189,77,12,51,1,13,0,0
bpRNA_CRW_26273,183,71,15,47,1,8,0,0
bpRNA_CRW_26279,196,77,10,54,0,13,0,0
bpRNA_CRW_26284,192,74,13,51,0,10,0,0
bpRNA_CRW_26285,165,66,12,42,0,12,0,0
bpRNA_CRW_26291,173,70,14,45,0,11,0,0
bpRNA_CRW_26292,168,63,12,40,0,11,0,0
bpRNA_CRW_26299,192,77,12,54,0,11,0,0
bpRNA_CRW_26302,178,63,9,41,0,13,0,0
bpRNA_CRW_26305,184,78,14,53,0,11,0,0
bpRNA_CRW_26307,164,64,11,40,0,13,0,0
bpRNA_CRW_26315,208,82,13,57,0,12,0,0
bpRNA_CRW_26316,187,73,13,47,0,13,0,0
bpRNA_CRW_26318,172,66,10,42,0,14,0,0
bpRNA_CRW_26326,193,76,12,52,0,12,0,0
bpRNA_CRW_26328,181,74,13,49,1,11,0,0
bpRNA_CRW_26330,207,79,10,55,0,14,0,0
bpRNA_CRW_26331,195,79,10,55,0,14,0,0
bpRNA_CRW_26334,166,65,12,41,0,12,0,0
bpRNA_CRW_26335,202,79,10,55,0,14,0,0
bpRNA_CRW_26342,159,63,13,37,1,12,0,0
bpRNA_CRW_26346,166,65,14,41,0,10,0,0
bpRNA_CRW_26349,173,75,12,48,0,15,0,0
bpRNA_CRW_26352,175,71,12,46,0,13,0,0
bpRNA_CRW_26374,174,71,13,44,0,14,0,0
bpRNA_CRW_26375,205,84,14,58,0,12,0,0
bpRNA_CRW_26376,208,79,9,57,0,13,0,0
bpRNA_CRW_26377,165,67,16,42,1,8,0,0
bpRNA_CRW_26380,185,73,12,48,1,12,0,0
bpRNA_CRW_26385,208,79,12,54,0,13,0,0
bpRNA_CRW_26387,186,70,14,43,0,13,0,0
bpRNA_CRW_26394,178,72,13,47,0,12,0,0
bpRNA_CRW_26409,177,71,12,46,0,13,0,0
bpRNA_CRW_26411,169,70,10,46,0,14,0,0
bpRNA_CRW_26413,173,73,12,48,0,13,0,0
bpRNA_CRW_26415,179,65,14,43,0,8,0,0
bpRNA_CRW_26417,175,69,13,45,0,11,0,0
bpRNA_CRW_26426,168,66,14,39,0,13,0,0
bpRNA_CRW_26428,207,83,12,59,0,12,0,0
bpRNA_CRW_26429,207,88,15,60,1,12,0,0
bpRNA_CRW_26431,158,58,12,37,2,7,0,0
bpRNA_CRW_26432,196,78,13,53,0,12,0,0
bpRNA_CRW_26433,179,69,12,44,0,13,0,0
bpRNA_CRW_26437,207,82,11,57,1,13,0,0
bpRNA_CRW_26438,205,84,9,61,0,14,0,0
bpRNA_CRW_26439,182,69,11,43,0,15,0,0
bpRNA_CRW_26440,180,74,12,49,1,12,0,0
bpRNA_CRW_26445,201,75,12,52,1,10,0,0
bpRNA_CRW_26448,191,77,14,51,1,11,0,0
bpRNA_CRW_26452,181,67,13,41,0,13,0,0
bpRNA_CRW_26455,159,60,11,36,0,13,0,0
bpRNA_CRW_26461,193,81,13,57,0,11,0,0
bpRNA_CRW_26463,184,73,12,47,0,14,0,0
bpRNA_CRW_26465,160,68,13,42,0,13,0,0
bpRNA_CRW_26467,207,83,12,59,0,12,0,0
bpRNA_CRW_26468,182,74,13,49,1,11,0,0
bpRNA_CRW_26471,173,70,12,46,0,12,0,0
bpRNA_CRW_26472,177,67,12,45,0,10,0,0
bpRNA_CRW_26474,165,65,15,37,1,12,0,0
bpRNA_CRW_26476,196,77,11,53,0,13,0,0
bpRNA_CRW_26482,160,65,14,41,0,10,0,0
bpRNA_CRW_26493,170,65,9,41,0,15,0,0
bpRNA_CRW_26494,177,69,14,41,0,14,0,0
bpRNA_CRW_26497,205,83,14,59,0,10,0,0
bpRNA_CRW_26498,173,69,16,45,1,7,0,0
bpRNA_CRW_26500,205,79,11,53,0,15,0,0
bpRNA_CRW_26502,186,73,11,49,0,13,0,0
bpRNA_CRW_26505,181,70,12,48,0,10,0,0
bpRNA_CRW_26516,171,64,12,41,0,11,0,0
bpRNA_CRW_26518,179,67,12,44,0,11,0,0
bpRNA_CRW_26519,184,75,11,50,0,14,0,0
bpRNA_CRW_26523,190,82,14,55,1,12,0,0
bpRNA_CRW_26538,174,68,13,44,0,11,0,0
bpRNA_CRW_26539,191,75,13,52,1,9,0,0
bpRNA_CRW_26543,191,75,13,50,0,12,0,0
bpRNA_CRW_26555,196,85,11,60,0,14,0,0
bpRNA_CRW_26559,178,75,14,50,1,10,0,0
bpRNA_CRW_26560,198,77,13,52,0,12,0,0
bpRNA_CRW_26561,188,72,9,50,0,13,0,0
bpRNA_CRW_26562,202,82,13,56,0,13,0,0
bpRNA_CRW_26563,173,70,10,46,0,14,0,0
bpRNA_CRW_26565,183,71,14,46,2,9,0,0
bpRNA_CRW_26566,163,67,12,41,1,13,0,0
bpRNA_CRW_26567,186,74,13,50,1,10,0,0
bpRNA_CRW_26568,175,69,11,46,1,11,0,0
bpRNA_CRW_26569,172,67,13,44,1,9,0,0
bpRNA_CRW_26571,166,68,11,46,0,11,0,0
bpRNA_CRW_26572,184,68,10,45,0,13,0,0
bpRNA_CRW_26574,163,68,13,46,1,8,0,0
bpRNA_CRW_26575,200,82,11,58,0,13,0,0
bpRNA_CRW_26577,206,77,12,54,1,10,0,0
bpRNA_CRW_26578,164,64,12,41,0,11,0,0
bpRNA_CRW_26582,158,63,13,39,1,10,0,0
bpRNA_CRW_26585,172,72,12,46,0,14,0,0
bpRNA_CRW_26586,166,67,11,43,0,13,0,0
bpRNA_CRW_26588,164,63,12,41,1,9,0,0
bpRNA_CRW_26594,160,67,13,40,1,13,0,0
bpRNA_CRW_26595,172,74,14,47,0,13,0,0
bpRNA_CRW_26596,170,69,14,42,1,12,0,0
bpRNA_CRW_26597,175,75,14,48,1,12,0,0
bpRNA_CRW_26600,177,67,14,43,1,9,0,0
bpRNA_CRW_26602,208,83,13,59,0,11,0,0
bpRNA_CRW_26604,163,61,12,36,0,13,0,0
bpRNA_CRW_26610,159,59,13,36,1,9,0,0
bpRNA_CRW_26611,193,79,11,56,0,12,0,0
bpRNA_CRW_26613,205,81,14,55,0,12,0,0
bpRNA_CRW_26614,173,68,12,44,0,12,0,0
bpRNA_CRW_26615,158,56,10,32,0,14,0,0
bpRNA_CRW_26617,178,72,13,48,1,10,0,0
bpRNA_CRW_26618,184,71,12,49,1,9,0,0
bpRNA_CRW_26619,186,70,14,43,0,13,0,0
bpRNA_CRW_26620,187,71,12,48,0,11,0,0
bpRNA_CRW_26621,182,72,10,50,0,12,0,0
bpRNA_CRW_26622,199,73,11,51,0,11,0,0
bpRNA_CRW_26625,161,66,12,39,0,15,0,0
bpRNA_CRW_26626,178,67,10,45,0,12,0,0
bpRNA_CRW_26627,200,81,13,59,0,9,0,0
bpRNA_CRW_26628,180,69,13,46,1,9,0,0
bpRNA_CRW_26629,168,70,14,46,0,10,0,0
bpRNA_CRW_26632,188,71,14,49,0,8,0,0
bpRNA_CRW_26638,163,63,12,39,1,11,0,0
bpRNA_CRW_26642,159,59,12,35,0,12,0,0
bpRNA_CRW_26647,162,66,13,41,0,12,0,0
bpRNA_CRW_26651,177,78,14,50,1,13,0,0
bpRNA_CRW_26652,176,67,12,43,0,12,0,0
bpRNA_CRW_26653,198,77,12,54,0,11,0,0
bpRNA_CRW_26654,171,74,13,48,1,12,0,0
bpRNA_CRW_26657,180,69,13,45,1,10,0,0
bpRNA_CRW_26658,187,74,11,49,0,14,0,0
bpRNA_CRW_26659,183,66,11,43,0,12,0,0
bpRNA_CRW_26660,195,75,12,51,0,12,0,0
bpRNA_CRW_26665,192,70,9,48,0,13,0,0
bpRNA_CRW_26666,171,68,12,45,0,11,0,0
bpRNA_CRW_26668,189,66,11,43,0,12,0,0
bpRNA_CRW_26669,195,82,12,59,0,11,0,0
bpRNA_CRW_26670,200,72,12,50,1,9,0,0
bpRNA_CRW_26671,158,64,11,40,0,13,0,0
bpRNA_CRW_26672,202,76,11,53,0,12,0,0
bpRNA_CRW_26673,161,62,10,38,0,14,0,0
bpRNA_CRW_26678,170,66,12,42,0,12,0,0
bpRNA_CRW_26679,158,64,15,38,1,10,0,0
bpRNA_CRW_26680,158,61,10,38,0,13,0,0
bpRNA_CRW_26692,161,65,11,39,0,15,0,0
bpRNA_CRW_26695,160,64,14,38,1,11,0,0
bpRNA_CRW_26700,171,67,12,42,1,12,0,0
bpRNA_CRW_26701,202,78,13,54,0,11,0,0
bpRNA_CRW_26702,191,76,13,53,1,9,0,0
bpRNA_CRW_26705,186,75,12,50,0,13,0,0
bpRNA_CRW_26706,160,62,14,39,1,8,0,0
bpRNA_CRW_26710,163,65,12,42,0,11,0,0
bpRNA_CRW_26713,161,63,13,39,0,11,0,0
bpRNA_CRW_26714,168,63,10,40,0,13,0,0
bpRNA_CRW_26716,196,75,13,51,0,11,0,0
bpRNA_CRW_26717,163,66,11,42,0,13,0,0
bpRNA_CRW_26718,188,73,12,49,1,11,0,0
bpRNA_CRW_26720,170,69,11,44,0,14,0,0
bpRNA_CRW_26721,160,68,12,42,0,14,0,0
bpRNA_CRW_26722,184,68,12,44,0,12,0,0
bpRNA_CRW_26723,203,79,11,55,0,13,0,0
bpRNA_CRW_26729,163,65,13,40,0,12,0,0
bpRNA_CRW_26737,161,68,13,41,0,14,0,0
bpRNA_CRW_26738,169,66,10,43,0,13,0,0
bpRNA_CRW_26739,190,70,10,47,0,13,0,0
bpRNA_CRW_26740,203,76,12,53,0,11,0,0
bpRNA_CRW_26746,168,70,11,46,0,13,0,0
bpRNA_CRW_26747,207,80,13,56,0,11,0,0
bpRNA_CRW_26748,202,79,12,56,0,11,0,0
bpRNA_CRW_26749,180,66,12,42,0,12,0,0
bpRNA_CRW_26751,196,76,11,50,0,15,0,0
bpRNA_CRW_26752,165,69,13,45,0,11,0,0
bpRNA_CRW_26753,169,66,11,43,1,11,0,0
bpRNA_CRW_26754,178,71,12,49,0,10,0,0
bpRNA_CRW_26757,172,70,13,42,0,15,0,0
bpRNA_CRW_26769,185,69,13,46,0,10,0,0
bpRNA_CRW_26770,176,65,11,42,0,12,0,0
bpRNA_CRW_26772,164,64,9,41,0,14,0,0
bpRNA_CRW_26773,204,74,10,51,0,13,0,0
bpRNA_CRW_26774,177,67,13,44,2,8,0,0
bpRNA_CRW_26775,200,77,14,53,0,10,0,0
bpRNA_CRW_26776,165,68,12,45,0,11,0,0
bpRNA_CRW_26779,158,61,12,37,0,12,0,0
bpRNA_CRW_26780,190,76,12,50,0,14,0,0
bpRNA_CRW_26781,195,78,11,53,0,14,0,0
bpRNA_CRW_26782,206,81,12,54,0,15,0,0
bpRNA_CRW_26787,189,72,11,47,0,14,0,0
bpRNA_CRW_26790,161,68,13,41,0,14,0,0
bpRNA_CRW_26794,166,64,14,39,0,11,0,0
bpRNA_CRW_26796,202,80,13,54,0,13,0,0
bpRNA_CRW_26797,161,62,9,39,0,14,0,0
bpRNA_CRW_26799,185,74,11,51,0,12,0,0
bpRNA_CRW_26800,198,88,12,61,0,15,0,0
bpRNA_CRW_26801,175,78,12,51,0,15,0,0
bpRNA_CRW_26803,165,62,12,39,0,11,0,0
bpRNA_CRW_26804,176,65,11,43,0,11,0,0
bpRNA_CRW_26805,169,63,12,39,0,12,0,0
bpRNA_CRW_26806,204,82,12,57,0,13,0,0
bpRNA_CRW_26807,164,63,10,40,0,13,0,0
bpRNA_CRW_26808,194,75,11,50,0,14,0,0
bpRNA_CRW_26809,186,78,14,52,1,11,0,0
bpRNA_CRW_26821,161,61,15,35,1,10,0,0
bpRNA_CRW_26832,166,64,16,39,1,8,0,0
bpRNA_CRW_26834,194,78,15,53,1,9,0,0
bpRNA_CRW_26835,180,69,11,48,0,10,0,0
bpRNA_CRW_26841,182,72,11,49,0,12,0,0
bpRNA_CRW_26842,168,60,10,36,0,14,0,0
bpRNA_CRW_26843,174,72,9,49,0,14,0,0
bpRNA_CRW_26844,163,64,12,39,0,13,0,0
bpRNA_CRW_26848,172,67,9,43,0,15,0,0
bpRNA_CRW_26850,193,71,10,46,0,15,0,0
bpRNA_CRW_26851,167,65,14,39,0,12,0,0
bpRNA_CRW_26852,201,77,13,52,0,12,0,0
bpRNA_CRW_26853,164,65,12,42,0,11,0,0
bpRNA_CRW_26855,185,70,11,47,1,11,0,0
bpRNA_CRW_26856,163,71,12,45,0,14,0,0
bpRNA_CRW_26859,159,64,14,38,1,11,0,0
bpRNA_CRW_26860,193,79,12,52,0,15,0,0
bpRNA_CRW_26861,189,77,14,51,1,11,0,0
bpRNA_CRW_26862,199,81,14,56,0,11,0,0
bpRNA_CRW_26863,168,70,13,44,0,13,0,0
bpRNA_CRW_26864,188,70,13,47,1,9,0,0
bpRNA_CRW_26866,205,80,10,58,0,12,0,0
bpRNA_CRW_26867,191,70,12,47,1,10,0,0
bpRNA_CRW_26870,194,81,10,57,0,14,0,0
bpRNA_CRW_26872,197,83,8,60,0,15,0,0
bpRNA_CRW_26873,198,68,11,47,0,10,0,0
bpRNA_CRW_26878,167,64,11,41,0,12,0,0
bpRNA_CRW_26879,186,78,11,55,0,12,0,0
bpRNA_CRW_26883,166,64,10,40,0,14,0,0
bpRNA_CRW_26887,205,83,11,57,0,15,0,0
bpRNA_CRW_26889,182,70,9,47,0,14,0,0
bpRNA_CRW_26892,205,85,13,61,0,11,0,0
bpRNA_CRW_26899,207,80,11,56,0,13,0,0
bpRNA_CRW_26900,205,81,14,56,0,11,0,0
bpRNA_CRW_26918,199,73,12,51,0,10,0,0
bpRNA_CRW_26923,208,86,11,60,0,15,0,0
bpRNA_CRW_26925,169,69,13,43,1,12,0,0
bpRNA_CRW_26926,183,74,13,48,0,13,0,0
