name,length,f1,precision,recall,tp,fp,fn,threshold
bpRNA_CRW_15573,120,0.847059,0.800000,0.900000,36,9,4,0.7100
bpRNA_CRW_15828,111,0.888889,1.000000,0.800000,28,0,7,0.6400
bpRNA_CRW_15839,120,0.915663,0.863636,0.974359,38,6,1,0.5500
bpRNA_CRW_15843,117,0.878049,0.800000,0.972973,36,9,1,0.6100
bpRNA_CRW_15923,242,0.403101,0.292135,0.650000,26,63,14,0.3400
bpRNA_CRW_16028,112,0.682927,0.608696,0.777778,28,18,8,0.6600
bpRNA_CRW_16282,117,0.888889,0.837209,0.947368,36,7,2,0.6700
bpRNA_CRW_18116,135,0.408163,0.833333,0.270270,10,2,27,0.8900
bpRNA_CRW_19091,121,0.806452,1.000000,0.675676,25,0,12,0.7400
bpRNA_CRW_19099,122,0.600000,0.509434,0.729730,27,26,10,0.3000
bpRNA_CRW_19650,94,0.551724,0.571429,0.533333,8,6,7,0.4800
bpRNA_CRW_19758,120,0.800000,0.848485,0.756757,28,5,9,0.7400
bpRNA_CRW_19936,119,0.861111,0.861111,0.861111,31,5,5,0.6100
bpRNA_CRW_20109,124,0.764706,0.838710,0.702703,26,5,11,0.8400
bpRNA_CRW_20581,344,0.303030,0.240000,0.410959,30,95,43,0.4500
bpRNA_CRW_21396,83,0.695652,0.640000,0.761905,16,9,5,0.5600
bpRNA_CRW_25167,74,1.000000,1.000000,1.000000,22,0,0,0.5700
bpRNA_CRW_25366,77,1.000000,1.000000,1.000000,22,0,0,0.2400
bpRNA_CRW_25608,73,1.000000,1.000000,1.000000,22,0,0,0.4700
bpRNA_CRW_25624,74,1.000000,1.000000,1.000000,22,0,0,0.0900
bpRNA_CRW_25863,77,1.000000,1.000000,1.000000,22,0,0,0.4000
bpRNA_CRW_26417,93,0.492754,0.361702,0.772727,17,30,5,0.1800
bpRNA_CRW_26828,79,1.000000,1.000000,1.000000,22,0,0,0.5400
bpRNA_CRW_26859,73,1.000000,1.000000,1.000000,22,0,0,0.0900
bpRNA_CRW_26969,80,1.000000,1.000000,1.000000,22,0,0,0.7000
bpRNA_CRW_28126,74,0.976744,1.000000,0.954545,21,0,1,0.9400
bpRNA_CRW_28155,76,0.933333,0.913043,0.954545,21,2,1,0.4700
bpRNA_CRW_28185,72,1.000000,1.000000,1.000000,22,0,0,0.1500
bpRNA_CRW_28284,75,1.000000,1.000000,1.000000,22,0,0,0.1800
bpRNA_CRW_28393,72,1.000000,1.000000,1.000000,22,0,0,0.1900
bpRNA_CRW_28422,75,0.977778,0.956522,1.000000,22,1,0,0.3500
bpRNA_CRW_28533,75,1.000000,1.000000,1.000000,22,0,0,0.3000
bpRNA_CRW_28652,74,0.977778,0.956522,1.000000,22,1,0,0.6600
bpRNA_CRW_28735,75,0.977778,0.956522,1.000000,22,1,0,0.3400
bpRNA_CRW_28926,75,1.000000,1.000000,1.000000,22,0,0,0.2700
bpRNA_CRW_28984,75,1.000000,1.000000,1.000000,21,0,0,0.4200
bpRNA_CRW_29003,75,0.956522,0.916667,1.000000,22,2,0,0.2200
bpRNA_CRW_29015,72,1.000000,1.000000,1.000000,22,0,0,0.1300
bpRNA_CRW_29470,79,0.789474,0.937500,0.681818,15,1,7,0.6000
bpRNA_CRW_29631,72,0.976744,1.000000,0.954545,21,0,1,0.7500
bpRNA_CRW_29916,78,1.000000,1.000000,1.000000,22,0,0,0.4600
bpRNA_CRW_30579,81,0.761905,0.800000,0.727273,16,4,6,0.5300
bpRNA_CRW_30711,73,1.000000,1.000000,1.000000,22,0,0,0.5300
bpRNA_CRW_30722,75,1.000000,1.000000,1.000000,22,0,0,0.3000
bpRNA_CRW_30882,78,1.000000,1.000000,1.000000,22,0,0,0.4800
bpRNA_CRW_30906,72,1.000000,1.000000,1.000000,22,0,0,0.8300
bpRNA_CRW_30983,73,0.936170,0.880000,1.000000,22,3,0,0.5800
bpRNA_CRW_30987,73,0.977778,0.956522,1.000000,22,1,0,0.3000
bpRNA_CRW_31097,72,1.000000,1.000000,1.000000,22,0,0,0.6300
bpRNA_CRW_31436,71,1.000000,1.000000,1.000000,22,0,0,0.2800
bpRNA_CRW_31704,76,1.000000,1.000000,1.000000,22,0,0,0.1100
bpRNA_CRW_31722,72,0.370370,0.454545,0.312500,5,6,11,0.9400
bpRNA_CRW_32354,72,1.000000,1.000000,1.000000,22,0,0,0.4500
bpRNA_CRW_32615,71,0.871795,1.000000,0.772727,17,0,5,0.9400
bpRNA_CRW_33861,72,0.952381,1.000000,0.909091,20,0,2,0.4400
bpRNA_CRW_34713,79,0.956522,0.916667,1.000000,22,2,0,0.3200
bpRNA_CRW_35598,72,0.909091,0.833333,1.000000,20,4,0,0.4500
bpRNA_CRW_35692,77,1.000000,1.000000,1.000000,22,0,0,0.2000
bpRNA_CRW_36793,73,0.976744,1.000000,0.954545,21,0,1,0.3700
bpRNA_CRW_39480,74,1.000000,1.000000,1.000000,22,0,0,0.5000
bpRNA_CRW_40386,76,1.000000,1.000000,1.000000,22,0,0,0.2200
bpRNA_CRW_41231,79,1.000000,1.000000,1.000000,22,0,0,0.4200
bpRNA_CRW_41711,76,1.000000,1.000000,1.000000,22,0,0,0.8700
bpRNA_CRW_42243,74,1.000000,1.000000,1.000000,22,0,0,0.6600
bpRNA_CRW_42293,76,1.000000,1.000000,1.000000,22,0,0,0.5900
bpRNA_CRW_42692,76,1.000000,1.000000,1.000000,22,0,0,0.1900
bpRNA_CRW_43050,74,1.000000,1.000000,1.000000,22,0,0,0.3000
bpRNA_CRW_43191,74,1.000000,1.000000,1.000000,22,0,0,0.3000
bpRNA_CRW_43243,75,0.625000,0.555556,0.714286,15,12,6,0.0700
bpRNA_CRW_43257,73,1.000000,1.000000,1.000000,22,0,0,0.3800
bpRNA_CRW_43271,77,1.000000,1.000000,1.000000,22,0,0,0.3300
bpRNA_CRW_43385,75,0.976744,1.000000,0.954545,21,0,1,0.7500
bpRNA_CRW_43565,77,0.977778,0.956522,1.000000,22,1,0,0.3200
bpRNA_CRW_43649,77,1.000000,1.000000,1.000000,22,0,0,0.2500
bpRNA_CRW_43758,77,1.000000,1.000000,1.000000,22,0,0,0.3200
bpRNA_CRW_44001,80,1.000000,1.000000,1.000000,22,0,0,0.4600
bpRNA_CRW_52127,77,0.916667,0.846154,1.000000,22,4,0,0.4100
bpRNA_CRW_52449,72,1.000000,1.000000,1.000000,22,0,0,0.4400
bpRNA_CRW_52450,84,0.461538,0.529412,0.409091,9,8,13,0.6300
bpRNA_CRW_52953,78,1.000000,1.000000,1.000000,22,0,0,0.4600
bpRNA_CRW_53219,77,1.000000,1.000000,1.000000,22,0,0,0.8700
bpRNA_CRW_53705,75,1.000000,1.000000,1.000000,22,0,0,0.4500
bpRNA_CRW_53777,82,0.772727,0.772727,0.772727,17,5,5,0.6500
bpRNA_CRW_54070,74,1.000000,1.000000,1.000000,22,0,0,0.2900
bpRNA_CRW_54147,76,0.954545,0.954545,0.954545,21,1,1,0.4200
bpRNA_CRW_54323,77,1.000000,1.000000,1.000000,22,0,0,0.1900
bpRNA_CRW_54546,270,0.555556,0.634921,0.493827,40,23,41,0.5100
bpRNA_CRW_54562,443,0.220974,0.139810,0.526786,59,363,53,0.2700
bpRNA_CRW_54567,408,0.503876,0.500000,0.507812,65,65,63,0.4000
bpRNA_CRW_54597,328,0.087500,0.052239,0.269231,21,381,57,0.1400
bpRNA_CRW_54599,439,0.203922,0.201550,0.206349,26,103,100,0.3800
bpRNA_CRW_54605,381,0.436681,0.423729,0.450450,50,68,61,0.3300
bpRNA_CRW_54624,234,0.394737,0.352941,0.447761,30,55,37,0.5300
bpRNA_CRW_54646,373,0.388235,0.500000,0.317308,33,33,71,0.4500
bpRNA_CRW_54745,454,0.292683,0.237624,0.380952,48,154,78,0.4700
bpRNA_CRW_55427,120,0.831169,0.864865,0.800000,32,5,8,0.7600
bpRNA_CRW_55438,126,0.753247,0.852941,0.674419,29,5,14,0.8700
bpRNA_CRW_8505,124,0.765432,0.720930,0.815789,31,12,7,0.7300
bpRNA_CRW_8538,129,0.597938,0.491525,0.763158,29,30,9,0.2700
bpRNA_RFAM_10,117,0.584615,0.593750,0.575758,19,13,14,0.8400
bpRNA_RFAM_10084,85,0.666667,0.500000,1.000000,4,4,0,0.6500
bpRNA_RFAM_101,121,0.434783,0.714286,0.312500,10,4,22,0.8100
bpRNA_RFAM_10103,83,1.000000,1.000000,1.000000,4,0,0,0.9000
bpRNA_RFAM_10243,469,0.161209,0.115942,0.264463,32,244,89,0.3800
bpRNA_RFAM_10263,86,0.923077,0.857143,1.000000,6,1,0,0.8200
bpRNA_RFAM_10305,93,0.482759,0.875000,0.333333,7,1,14,0.5500
bpRNA_RFAM_10379,86,0.606061,0.769231,0.500000,10,3,10,0.6400
bpRNA_RFAM_10396,370,0.014337,0.008811,0.038462,2,225,50,0.2500
bpRNA_RFAM_10425,154,0.279070,0.352941,0.230769,6,11,20,0.5600
bpRNA_RFAM_1049,194,0.489796,0.452830,0.533333,24,29,21,0.6300
bpRNA_RFAM_10508,252,0.233766,0.189474,0.305085,18,77,41,0.3200
bpRNA_RFAM_10509,247,0.290598,0.293103,0.288136,17,41,42,0.5200
bpRNA_RFAM_10555,214,0.454545,0.476190,0.434783,20,22,26,0.5100
bpRNA_RFAM_10556,167,0.435897,0.395349,0.485714,17,26,18,0.6300
bpRNA_RFAM_10560,259,0.400000,0.447368,0.361702,17,21,30,0.5400
bpRNA_RFAM_10571,252,0.213333,0.155340,0.340426,16,87,31,0.3700
bpRNA_RFAM_10600,233,0.475000,0.575758,0.404255,19,14,28,0.7300
bpRNA_RFAM_10621,278,0.436364,0.500000,0.387097,24,24,38,0.7100
bpRNA_RFAM_10644,83,0.217391,0.200000,0.238095,5,20,16,0.1400
bpRNA_RFAM_10710,63,0.883721,0.791667,1.000000,19,5,0,0.7500
bpRNA_RFAM_1072,192,0.458015,0.348837,0.666667,30,56,15,0.4400
bpRNA_RFAM_10720,62,0.826087,0.703704,1.000000,19,8,0,0.6900
bpRNA_RFAM_10749,85,0.536585,0.611111,0.478261,11,7,12,0.5300
bpRNA_RFAM_10774,89,0.977778,1.000000,0.956522,22,0,1,0.4300
bpRNA_RFAM_10779,85,0.851064,0.833333,0.869565,20,4,3,0.6300
bpRNA_RFAM_10869,75,0.844444,0.791667,0.904762,19,5,2,0.8300
bpRNA_RFAM_10893,111,0.800000,1.000000,0.666667,18,0,9,0.8600
bpRNA_RFAM_10951,91,0.892857,0.892857,0.892857,25,3,3,0.9300
bpRNA_RFAM_11056,73,0.717949,0.636364,0.823529,14,8,3,0.9200
bpRNA_RFAM_11088,75,0.818182,0.857143,0.782609,18,3,5,0.9400
bpRNA_RFAM_11103,75,0.833333,0.800000,0.869565,20,5,3,0.4900
bpRNA_RFAM_11176,88,0.851852,0.884615,0.821429,23,3,5,0.8700
bpRNA_RFAM_11250,229,0.087591,0.060302,0.160000,12,187,63,0.4300
bpRNA_RFAM_11339,95,0.600000,0.600000,0.600000,6,4,4,0.8600
bpRNA_RFAM_11392,83,0.777778,0.700000,0.875000,7,3,1,0.2900
bpRNA_RFAM_11557,78,1.000000,1.000000,1.000000,3,0,0,0.3100
bpRNA_RFAM_11638,131,0.705882,0.750000,0.666667,18,6,9,0.7100
bpRNA_RFAM_11679,97,0.571429,0.400000,1.000000,6,9,0,0.4700
bpRNA_RFAM_1170,74,1.000000,1.000000,1.000000,20,0,0,0.9500
bpRNA_RFAM_11713,91,1.000000,1.000000,1.000000,1,0,0,0.5600
bpRNA_RFAM_11730,125,0.121212,0.064516,1.000000,2,29,0,0.1700
bpRNA_RFAM_11766,115,0.571429,0.500000,0.666667,2,2,1,0.9700
bpRNA_RFAM_1177,70,0.904762,0.863636,0.950000,19,3,1,0.8100
bpRNA_RFAM_11817,112,0.708333,0.739130,0.680000,17,6,8,0.4400
bpRNA_RFAM_11840,98,0.571429,0.444444,0.800000,4,5,1,0.6400
bpRNA_RFAM_11843,100,0.800000,0.800000,0.800000,4,1,1,0.9200
bpRNA_RFAM_11948,129,0.017575,0.008929,0.555556,5,555,4,0.0300
bpRNA_RFAM_11955,127,0.370370,0.312500,0.454545,5,11,6,0.2800
bpRNA_RFAM_11966,75,0.363636,0.235294,0.800000,4,13,1,0.2400
bpRNA_RFAM_12002,92,0.888889,0.800000,1.000000,4,1,0,0.9400
bpRNA_RFAM_12054,82,0.545455,0.600000,0.500000,3,2,3,0.7200
bpRNA_RFAM_12084,98,0.857143,0.750000,1.000000,9,3,0,0.6600
bpRNA_RFAM_12095,102,0.709677,0.785714,0.647059,11,3,6,0.4700
bpRNA_RFAM_12137,106,0.736842,0.583333,1.000000,7,5,0,0.5500
bpRNA_RFAM_12177,63,0.692308,0.818182,0.600000,9,2,6,0.8700
bpRNA_RFAM_12220,95,1.000000,1.000000,1.000000,1,0,0,0.9600
bpRNA_RFAM_12253,85,1.000000,1.000000,1.000000,5,0,0,0.9300
bpRNA_RFAM_12293,96,1.000000,1.000000,1.000000,5,0,0,0.8900
bpRNA_RFAM_12337,119,1.000000,1.000000,1.000000,5,0,0,0.5800
bpRNA_RFAM_1243,93,0.900000,0.900000,0.900000,18,2,2,0.9300
bpRNA_RFAM_12462,331,0.334884,0.281250,0.413793,36,92,51,0.4900
bpRNA_RFAM_12780,143,0.553191,0.619048,0.500000,13,8,13,0.5800
bpRNA_RFAM_12781,138,0.717949,0.933333,0.583333,14,1,10,0.7300
bpRNA_RFAM_12784,121,0.545455,0.450000,0.692308,18,22,8,0.4900
bpRNA_RFAM_12790,223,0.350000,0.500000,0.269231,7,7,19,0.8200
bpRNA_RFAM_12799,140,0.520000,0.541667,0.500000,13,11,13,0.6400
bpRNA_RFAM_12829,147,0.680000,0.708333,0.653846,17,7,9,0.5600
bpRNA_RFAM_12833,130,0.600000,0.477273,0.807692,21,23,5,0.5500
bpRNA_RFAM_12851,140,0.488889,0.578947,0.423077,11,8,15,0.5300
bpRNA_RFAM_12856,124,0.322581,0.223881,0.576923,15,52,11,0.1700
bpRNA_RFAM_12885,174,0.476190,0.512821,0.444444,20,19,25,0.6000
bpRNA_RFAM_12914,162,0.500000,0.525000,0.477273,21,19,23,0.5600
bpRNA_RFAM_12960,164,0.567568,0.777778,0.446809,21,6,26,0.7500
bpRNA_RFAM_1298,70,0.923077,0.947368,0.900000,18,1,2,0.9500
bpRNA_RFAM_12985,174,0.585714,0.440860,0.872340,41,52,6,0.3900
bpRNA_RFAM_12995,167,0.345455,0.292308,0.422222,19,46,26,0.3400
bpRNA_RFAM_13005,174,0.470588,0.761905,0.340426,16,5,31,0.6500
bpRNA_RFAM_13006,174,0.453333,0.607143,0.361702,17,11,30,0.7900
bpRNA_RFAM_13033,166,0.510638,0.510638,0.510638,24,23,23,0.3900
bpRNA_RFAM_1318,73,1.000000,1.000000,1.000000,20,0,0,0.9000
bpRNA_RFAM_13310,133,0.060150,0.036697,0.166667,4,105,20,0.0900
bpRNA_RFAM_13334,138,0.111111,0.075758,0.208333,5,61,19,0.2000
bpRNA_RFAM_1334,73,0.975610,0.952381,1.000000,20,1,0,0.8500
bpRNA_RFAM_13342,116,0.072917,0.040000,0.411765,7,168,10,0.0800
bpRNA_RFAM_1339,72,0.975610,0.952381,1.000000,20,1,0,0.8800
bpRNA_RFAM_13474,127,0.600000,0.538462,0.677419,21,18,10,0.6400
bpRNA_RFAM_1349,72,0.975610,0.952381,1.000000,20,1,0,0.3900
bpRNA_RFAM_13495,132,0.500000,0.714286,0.384615,15,6,24,0.6600
bpRNA_RFAM_13610,130,0.228571,0.285714,0.190476,4,10,17,0.7500
bpRNA_RFAM_1364,68,0.952381,0.909091,1.000000,20,2,0,0.7100
bpRNA_RFAM_13643,138,0.857143,0.900000,0.818182,18,2,4,0.8600
bpRNA_RFAM_13647,138,0.444444,0.434783,0.454545,10,13,12,0.6000
bpRNA_RFAM_13685,132,0.692308,0.642857,0.750000,18,10,6,0.8000
bpRNA_RFAM_13722,136,0.355556,0.363636,0.347826,8,14,15,0.9200
bpRNA_RFAM_13735,132,0.761905,0.685714,0.857143,24,11,4,0.4300
bpRNA_RFAM_13738,135,0.646154,0.538462,0.807692,21,18,5,0.8100
bpRNA_RFAM_13745,134,0.645161,0.555556,0.769231,20,16,6,0.4200
bpRNA_RFAM_13772,136,0.666667,0.600000,0.750000,18,12,6,0.7700
bpRNA_RFAM_13841,129,0.290909,0.187500,0.648649,24,104,13,0.1300
bpRNA_RFAM_13854,134,0.666667,0.812500,0.565217,13,3,10,0.8900
bpRNA_RFAM_13925,137,0.461538,0.545455,0.400000,12,10,18,0.6800
bpRNA_RFAM_13954,128,0.562500,0.450000,0.750000,18,22,6,0.7500
bpRNA_RFAM_13965,131,0.644068,0.558824,0.760000,19,15,6,0.5800
bpRNA_RFAM_14030,172,0.172285,0.105991,0.460000,23,194,27,0.1200
bpRNA_RFAM_14056,126,0.722222,0.684211,0.764706,26,12,8,0.6300
bpRNA_RFAM_14088,128,0.721311,0.880000,0.611111,22,3,14,0.6100
bpRNA_RFAM_141,116,0.738462,0.750000,0.727273,24,8,9,0.6300
bpRNA_RFAM_14172,129,0.677419,0.677419,0.677419,21,10,10,0.7700
bpRNA_RFAM_14204,132,0.458333,0.578947,0.379310,11,8,18,0.8500
bpRNA_RFAM_14208,129,0.184397,0.116071,0.448276,13,99,16,0.2300
bpRNA_RFAM_14269,54,0.782609,0.692308,0.900000,9,4,1,0.8400
bpRNA_RFAM_14369,114,0.651163,0.608696,0.700000,14,9,6,0.7700
bpRNA_RFAM_14381,102,0.693878,0.548387,0.944444,17,14,1,0.6500
bpRNA_RFAM_14383,124,0.135593,0.097561,0.222222,4,37,14,0.2400
bpRNA_RFAM_14474,123,0.857143,0.827586,0.888889,24,5,3,0.8200
bpRNA_RFAM_14476,99,0.464286,0.419355,0.520000,13,18,12,0.8800
bpRNA_RFAM_14497,89,0.765957,0.666667,0.900000,18,9,2,0.8200
bpRNA_RFAM_14510,88,0.604651,0.565217,0.650000,13,10,7,0.8500
bpRNA_RFAM_14568,112,0.793651,0.757576,0.833333,25,8,5,0.9000
bpRNA_RFAM_14635,91,0.915254,0.900000,0.931034,27,3,2,0.9200
bpRNA_RFAM_14673,201,0.400000,0.293651,0.627119,37,89,22,0.3400
bpRNA_RFAM_14681,282,0.170000,0.118881,0.298246,17,126,40,0.3200
bpRNA_RFAM_14689,74,0.131148,0.085106,0.285714,4,43,10,0.0300
bpRNA_RFAM_14714,74,0.288660,0.168675,1.000000,14,69,0,0.0700
bpRNA_RFAM_14719,74,0.145455,0.097561,0.285714,4,37,10,0.0400
bpRNA_RFAM_14765,59,0.571429,0.800000,0.444444,8,2,10,0.3800
bpRNA_RFAM_14771,60,0.538462,0.875000,0.388889,7,1,11,0.6300
bpRNA_RFAM_1483,72,0.975610,0.952381,1.000000,20,1,0,0.8700
bpRNA_RFAM_15065,87,1.000000,1.000000,1.000000,3,0,0,0.9300
bpRNA_RFAM_15087,274,0.195122,0.173913,0.222222,12,57,42,0.6000
bpRNA_RFAM_1516,69,0.918919,1.000000,0.850000,17,0,3,0.8600
bpRNA_RFAM_15323,114,0.400000,0.470588,0.347826,8,9,15,0.5600
bpRNA_RFAM_15339,114,0.555556,0.769231,0.434783,10,3,13,0.7900
bpRNA_RFAM_15356,114,0.238095,0.263158,0.217391,5,14,18,0.4400
bpRNA_RFAM_15371,114,0.588235,0.535714,0.652174,15,13,8,0.6200
bpRNA_RFAM_15382,92,0.819672,0.694444,1.000000,25,11,0,0.8700
bpRNA_RFAM_15485,83,0.800000,0.727273,0.888889,8,3,1,0.9400
bpRNA_RFAM_15486,81,0.444444,0.444444,0.444444,4,5,5,0.6100
bpRNA_RFAM_15534,68,0.697674,0.555556,0.937500,15,12,1,0.2400
bpRNA_RFAM_15563,117,0.407407,0.333333,0.523810,11,22,10,0.3600
bpRNA_RFAM_15570,99,0.558140,0.571429,0.545455,12,9,10,0.8900
bpRNA_RFAM_15583,96,0.615385,0.705882,0.545455,12,5,10,0.6900
bpRNA_RFAM_15588,93,0.488889,0.478261,0.500000,11,12,11,0.6400
bpRNA_RFAM_15608,66,0.969697,0.941176,1.000000,16,1,0,0.5700
bpRNA_RFAM_15616,119,0.509804,0.812500,0.371429,13,3,22,0.9400
bpRNA_RFAM_1569,73,1.000000,1.000000,1.000000,20,0,0,0.9400
bpRNA_RFAM_1570,73,0.975610,0.952381,1.000000,20,1,0,0.6400
bpRNA_RFAM_15706,104,0.482759,0.875000,0.333333,7,1,14,0.7800
bpRNA_RFAM_15709,95,0.731707,0.750000,0.714286,15,5,6,0.8500
bpRNA_RFAM_15727,120,0.600000,0.882353,0.454545,15,2,18,0.8500
bpRNA_RFAM_15745,128,0.763636,0.875000,0.677419,21,3,10,0.8700
bpRNA_RFAM_15769,115,0.507042,0.600000,0.439024,18,12,23,0.8800
bpRNA_RFAM_15770,93,0.469136,0.358491,0.678571,19,34,9,0.3100
bpRNA_RFAM_15819,54,0.740741,0.666667,0.833333,10,5,2,0.0400
bpRNA_RFAM_15910,77,0.962963,0.928571,1.000000,13,1,0,0.8600
bpRNA_RFAM_15943,74,0.666667,0.642857,0.692308,9,5,4,0.7100
bpRNA_RFAM_15983,77,0.833333,0.833333,0.833333,5,1,1,0.6500
bpRNA_RFAM_160,118,0.384615,0.526316,0.303030,10,9,23,0.3200
bpRNA_RFAM_16001,45,0.888889,1.000000,0.800000,4,0,1,0.3100
bpRNA_RFAM_16130,43,0.500000,0.363636,0.800000,4,7,1,0.0800
bpRNA_RFAM_1614,84,0.975610,0.952381,1.000000,20,1,0,0.7600
bpRNA_RFAM_16184,183,0.238095,0.454545,0.161290,5,6,26,0.6000
bpRNA_RFAM_16197,202,0.387097,0.346154,0.439024,18,34,23,0.3400
bpRNA_RFAM_16285,61,0.100000,0.053763,0.714286,10,176,4,0.0200
bpRNA_RFAM_16334,89,0.017804,0.008982,1.000000,3,331,0,0.0200
bpRNA_RFAM_16359,72,0.173913,0.095238,1.000000,2,19,0,0.4300
bpRNA_RFAM_16466,95,0.214286,0.120000,1.000000,3,22,0,0.1000
bpRNA_RFAM_1650,69,0.480000,0.857143,0.333333,6,1,12,0.9300
bpRNA_RFAM_16526,156,0.225352,0.186047,0.285714,8,35,20,0.2500
bpRNA_RFAM_16548,143,0.740741,0.666667,0.833333,20,10,4,0.5300
bpRNA_RFAM_16599,141,0.721311,0.880000,0.611111,22,3,14,0.7700
bpRNA_RFAM_16638,332,0.017094,0.014493,0.020833,2,136,94,0.3600
bpRNA_RFAM_16655,138,0.571429,0.714286,0.476190,20,8,22,0.4800
bpRNA_RFAM_16668,130,0.352941,0.387097,0.324324,12,19,25,0.6100
bpRNA_RFAM_16699,140,0.623377,0.685714,0.571429,24,11,18,0.7700
bpRNA_RFAM_16704,128,0.452830,0.363636,0.600000,24,42,16,0.2700
bpRNA_RFAM_16741,151,0.074419,0.045977,0.195122,8,166,33,0.0800
bpRNA_RFAM_16808,166,0.547009,0.450704,0.695652,32,39,14,0.4700
bpRNA_RFAM_16828,153,0.354430,0.341463,0.368421,14,27,24,0.4800
bpRNA_RFAM_16845,135,0.472727,0.722222,0.351351,13,5,24,0.8800
bpRNA_RFAM_1686,63,0.882353,0.937500,0.833333,15,1,3,0.2500
bpRNA_RFAM_16873,87,0.666667,0.500000,1.000000,16,16,0,0.3400
bpRNA_RFAM_1688,74,0.952381,0.909091,1.000000,20,2,0,0.3000
bpRNA_RFAM_16889,42,0.880000,0.916667,0.846154,11,1,2,0.1400
bpRNA_RFAM_16899,129,0.571429,0.555556,0.588235,10,8,7,0.8200
bpRNA_RFAM_16915,132,0.606061,0.625000,0.588235,10,6,7,0.4900
bpRNA_RFAM_16961,133,0.666667,0.909091,0.526316,10,1,9,0.8300
bpRNA_RFAM_16976,130,0.722222,0.764706,0.684211,13,4,6,0.7000
bpRNA_RFAM_16983,129,0.764706,0.866667,0.684211,13,2,6,0.6800
bpRNA_RFAM_17009,120,0.418605,0.428571,0.409091,9,12,13,0.7900
bpRNA_RFAM_17013,120,0.333333,0.333333,0.333333,6,12,12,0.5500
bpRNA_RFAM_17049,80,0.564103,0.523810,0.611111,11,10,7,0.7200
bpRNA_RFAM_1706,71,0.952381,0.909091,1.000000,20,2,0,0.7800
bpRNA_RFAM_17074,76,0.153846,0.084967,0.812500,13,140,3,0.0600
bpRNA_RFAM_17079,130,0.721649,0.660377,0.795455,35,18,9,0.4100
bpRNA_RFAM_17136,132,0.718750,0.884615,0.605263,23,3,15,0.8800
bpRNA_RFAM_1727,81,1.000000,1.000000,1.000000,20,0,0,0.7900
bpRNA_RFAM_17317,121,0.733333,0.814815,0.666667,22,5,11,0.8000
bpRNA_RFAM_17325,123,0.690909,0.863636,0.575758,19,3,14,0.5700
bpRNA_RFAM_17358,118,0.175439,0.185185,0.166667,5,22,25,0.7900
bpRNA_RFAM_17374,135,0.626866,0.617647,0.636364,21,13,12,0.5600
bpRNA_RFAM_17436,111,0.344828,0.263158,0.500000,10,28,10,0.3100
bpRNA_RFAM_17438,112,0.285714,0.333333,0.250000,5,10,15,0.7300
bpRNA_RFAM_1753,70,1.000000,1.000000,1.000000,20,0,0,0.7400
bpRNA_RFAM_17567,95,0.823529,0.700000,1.000000,7,3,0,0.4900
bpRNA_RFAM_17782,131,0.431818,0.339286,0.593750,19,37,13,0.4600
bpRNA_RFAM_17799,137,0.400000,0.407407,0.392857,11,16,17,0.6500
bpRNA_RFAM_1783,73,0.780488,0.761905,0.800000,16,5,4,0.4800
bpRNA_RFAM_1793,72,0.926829,0.904762,0.950000,19,2,1,0.5200
bpRNA_RFAM_17930,85,1.000000,1.000000,1.000000,5,0,0,0.9000
bpRNA_RFAM_17957,74,1.000000,1.000000,1.000000,3,0,0,0.9700
bpRNA_RFAM_18003,127,0.571429,0.588235,0.555556,20,14,16,0.6300
bpRNA_RFAM_18136,158,0.640000,0.800000,0.533333,16,4,14,0.7900
bpRNA_RFAM_18140,166,0.439024,0.346154,0.600000,18,34,12,0.5500
bpRNA_RFAM_18195,126,0.145455,0.097561,0.285714,4,37,10,0.4800
bpRNA_RFAM_18263,192,0.263736,0.285714,0.244898,12,30,37,0.3400
bpRNA_RFAM_18325,69,0.920000,0.884615,0.958333,23,3,1,0.9000
bpRNA_RFAM_1839,73,0.926829,0.904762,0.950000,19,2,1,0.5800
bpRNA_RFAM_18409,66,0.740741,1.000000,0.588235,10,0,7,0.7500
bpRNA_RFAM_18415,62,0.692308,1.000000,0.529412,9,0,8,0.9400
bpRNA_RFAM_18433,118,0.533333,0.800000,0.400000,12,3,18,0.6600
bpRNA_RFAM_18477,343,0.045455,0.062500,0.035714,2,30,54,0.4200
bpRNA_RFAM_18510,200,0.703704,0.678571,0.730769,19,9,7,0.8300
bpRNA_RFAM_18515,227,0.541667,0.590909,0.500000,13,9,13,0.8600
bpRNA_RFAM_18517,208,0.432432,0.727273,0.307692,8,3,18,0.8300
bpRNA_RFAM_18594,88,0.596491,0.447368,0.894737,17,21,2,0.7600
bpRNA_RFAM_18619,126,0.818182,0.857143,0.782609,18,3,5,0.8400
bpRNA_RFAM_1862,69,1.000000,1.000000,1.000000,20,0,0,0.7800
bpRNA_RFAM_18622,118,0.597015,0.454545,0.869565,20,24,3,0.4500
bpRNA_RFAM_18669,79,0.500000,0.750000,0.375000,9,3,15,0.9500
bpRNA_RFAM_18679,79,0.818182,0.857143,0.782609,18,3,5,0.9600
bpRNA_RFAM_18686,80,0.692308,0.692308,0.692308,18,8,8,0.8300
bpRNA_RFAM_18692,80,0.714286,0.666667,0.769231,20,10,6,0.8800
bpRNA_RFAM_18693,79,0.416667,0.312500,0.625000,15,33,9,0.5400
bpRNA_RFAM_18698,82,0.391304,0.272727,0.692308,18,48,8,0.1000
bpRNA_RFAM_1870,73,1.000000,1.000000,1.000000,20,0,0,0.9800
bpRNA_RFAM_18726,80,0.816327,0.869565,0.769231,20,3,6,0.7400
bpRNA_RFAM_1876,69,0.923077,0.947368,0.900000,18,1,2,0.6300
bpRNA_RFAM_18802,86,0.842105,0.800000,0.888889,16,4,2,0.9700
bpRNA_RFAM_18809,106,0.693878,0.548387,0.944444,17,14,1,0.9200
bpRNA_RFAM_18822,134,0.709677,0.846154,0.611111,11,2,7,0.6800
bpRNA_RFAM_18827,137,0.833333,0.833333,0.833333,15,3,3,0.8200
bpRNA_RFAM_18857,82,0.714286,0.625000,0.833333,15,9,3,0.9000
bpRNA_RFAM_18876,82,0.829268,0.739130,0.944444,17,6,1,0.8900
bpRNA_RFAM_18877,84,0.878049,0.782609,1.000000,18,5,0,0.7500
bpRNA_RFAM_18882,171,0.846154,0.733333,1.000000,22,8,0,0.8900
bpRNA_RFAM_18893,111,0.325581,0.304348,0.350000,7,16,13,0.9000
bpRNA_RFAM_18894,124,0.844444,0.826087,0.863636,19,4,3,0.6900
bpRNA_RFAM_18935,122,0.880000,0.785714,1.000000,22,6,0,0.7200
bpRNA_RFAM_18942,112,0.212766,0.172414,0.277778,5,24,13,0.7600
bpRNA_RFAM_18946,107,0.775510,0.703704,0.863636,19,8,3,0.8000
bpRNA_RFAM_18949,238,0.857143,0.900000,0.818182,18,2,4,0.9000
bpRNA_RFAM_18958,153,0.705882,0.580645,0.900000,18,13,2,0.7700
bpRNA_RFAM_18979,102,0.677966,0.645161,0.714286,20,11,8,0.7700
bpRNA_RFAM_18988,102,0.618182,0.629630,0.607143,17,10,11,0.6300
bpRNA_RFAM_19015,112,0.840000,0.750000,0.954545,21,7,1,0.9300
bpRNA_RFAM_19017,124,0.711864,0.567568,0.954545,21,16,1,0.3000
bpRNA_RFAM_19027,119,0.830189,0.709677,1.000000,22,9,0,0.7100
bpRNA_RFAM_19065,105,0.875000,0.840000,0.913043,21,4,2,0.9600
bpRNA_RFAM_19069,155,0.830189,0.733333,0.956522,22,8,1,0.8700
bpRNA_RFAM_1908,75,0.842105,0.888889,0.800000,16,2,4,0.2100
bpRNA_RFAM_19085,82,0.901961,0.821429,1.000000,23,5,0,0.8400
bpRNA_RFAM_19138,73,0.857143,0.750000,1.000000,21,7,0,0.4300
bpRNA_RFAM_19246,105,0.723404,0.739130,0.708333,17,6,7,0.6000
bpRNA_RFAM_19247,104,0.703704,0.633333,0.791667,19,11,5,0.7400
bpRNA_RFAM_19252,103,0.700000,0.583333,0.875000,21,15,3,0.6800
bpRNA_RFAM_19311,93,0.857143,0.888889,0.827586,24,3,5,0.9100
bpRNA_RFAM_19322,92,0.800000,0.666667,1.000000,14,7,0,0.5100
bpRNA_RFAM_19331,80,0.838710,0.764706,0.928571,13,4,1,0.9400
bpRNA_RFAM_1935,73,0.975610,0.952381,1.000000,20,1,0,0.7800
bpRNA_RFAM_19371,93,0.576923,0.500000,0.681818,15,15,7,0.8900
bpRNA_RFAM_1940,81,0.926829,0.904762,0.950000,19,2,1,0.8600
bpRNA_RFAM_19497,65,0.666667,0.500000,1.000000,17,17,0,0.3600
bpRNA_RFAM_19574,80,0.317460,0.202020,0.740741,20,79,7,0.1000
bpRNA_RFAM_19635,106,0.636364,0.583333,0.700000,21,15,9,0.3300
bpRNA_RFAM_19667,105,0.380952,0.243902,0.869565,20,62,3,0.1700
bpRNA_RFAM_19691,91,0.493151,0.428571,0.580645,18,24,13,0.7100
bpRNA_RFAM_19700,125,0.703704,0.612903,0.826087,19,12,4,0.8500
bpRNA_RFAM_19701,104,0.730769,0.655172,0.826087,19,10,4,0.9000
bpRNA_RFAM_19780,106,0.836364,0.851852,0.821429,23,4,5,0.9300
bpRNA_RFAM_19839,102,0.813559,0.774194,0.857143,24,7,4,0.8800
bpRNA_RFAM_19840,107,0.724638,0.609756,0.892857,25,16,3,0.6200
bpRNA_RFAM_19853,102,0.303030,0.500000,0.217391,5,5,18,0.9300
bpRNA_RFAM_19862,107,0.708333,0.850000,0.607143,17,3,11,0.7900
bpRNA_RFAM_19890,83,0.935484,0.966667,0.906250,29,1,3,0.8000
bpRNA_RFAM_19896,117,0.744186,0.640000,0.888889,16,9,2,0.9400
bpRNA_RFAM_19922,99,0.800000,0.720000,0.900000,18,7,2,0.9500
bpRNA_RFAM_19923,125,0.760000,0.633333,0.950000,19,11,1,0.8400
bpRNA_RFAM_2001,73,0.975610,0.952381,1.000000,20,1,0,0.7700
bpRNA_RFAM_20013,69,0.521739,0.387097,0.800000,12,19,3,0.8900
bpRNA_RFAM_2002,88,0.878049,0.857143,0.900000,18,3,2,0.5500
bpRNA_RFAM_20069,98,0.850000,0.850000,0.850000,17,3,3,0.9400
bpRNA_RFAM_20079,108,0.820513,0.842105,0.800000,16,3,4,0.9200
bpRNA_RFAM_2008,70,0.950000,0.950000,0.950000,19,1,1,0.8800
bpRNA_RFAM_2012,68,0.947368,0.947368,0.947368,18,1,1,0.7900
bpRNA_RFAM_20128,73,0.833333,0.833333,0.833333,20,4,4,0.8800
bpRNA_RFAM_20180,107,0.943396,0.892857,1.000000,25,3,0,0.7000
bpRNA_RFAM_20198,95,0.838710,0.742857,0.962963,26,9,1,0.8400
bpRNA_RFAM_2021,72,0.974359,1.000000,0.950000,19,0,1,0.9000
bpRNA_RFAM_20221,81,0.775510,1.000000,0.633333,19,0,11,0.9100
bpRNA_RFAM_20224,70,0.097996,0.051887,0.880000,22,402,3,0.0200
bpRNA_RFAM_20284,91,0.912281,0.896552,0.928571,26,3,2,0.8800
bpRNA_RFAM_20306,86,0.266667,0.154839,0.960000,24,131,1,0.0700
bpRNA_RFAM_20356,78,0.857143,0.857143,0.857143,24,4,4,0.7300
bpRNA_RFAM_20385,87,0.825397,0.838710,0.812500,26,5,6,0.9300
bpRNA_RFAM_2049,122,0.631579,0.631579,0.631579,12,7,7,0.4500
bpRNA_RFAM_20505,101,0.734694,0.947368,0.600000,18,1,12,0.9300
bpRNA_RFAM_20546,80,0.392857,0.440000,0.354839,11,14,20,0.9300
bpRNA_RFAM_2056,107,0.882353,1.000000,0.789474,15,0,4,0.8500
bpRNA_RFAM_20573,82,0.950000,0.904762,1.000000,19,2,0,0.9600
bpRNA_RFAM_20592,81,0.857143,0.833333,0.882353,15,3,2,0.7200
bpRNA_RFAM_20621,82,0.974359,0.950000,1.000000,19,1,0,0.8500
bpRNA_RFAM_20652,116,0.888889,0.827586,0.960000,24,5,1,0.9000
bpRNA_RFAM_20703,111,0.821918,0.750000,0.909091,30,10,3,0.3400
bpRNA_RFAM_20711,112,0.819672,0.892857,0.757576,25,3,8,0.8400
bpRNA_RFAM_20729,93,0.761905,0.800000,0.727273,16,4,6,0.9000
bpRNA_RFAM_2076,102,0.545455,0.642857,0.473684,9,5,10,0.9400
bpRNA_RFAM_20785,91,0.873239,0.837838,0.911765,31,6,3,0.5600
bpRNA_RFAM_20791,86,0.314286,0.203704,0.687500,22,86,10,0.0300
bpRNA_RFAM_20814,96,0.807018,0.821429,0.793103,23,5,6,0.7600
bpRNA_RFAM_20896,95,0.788732,0.666667,0.965517,28,14,1,0.6600
bpRNA_RFAM_20916,87,0.870968,0.931034,0.818182,27,2,6,0.9200
bpRNA_RFAM_21021,147,0.400000,0.833333,0.263158,5,1,14,0.8100
bpRNA_RFAM_21053,143,0.474576,0.350000,0.736842,14,26,5,0.1700
bpRNA_RFAM_21055,144,0.533333,0.727273,0.421053,8,3,11,0.7900
bpRNA_RFAM_21060,149,0.372881,0.275000,0.578947,11,29,8,0.2900
bpRNA_RFAM_21068,134,0.139130,0.081633,0.470588,8,90,9,0.1600
bpRNA_RFAM_21093,67,0.181818,0.105634,0.652174,15,127,8,0.0400
bpRNA_RFAM_21156,112,0.666667,0.750000,0.600000,18,6,12,0.8600
bpRNA_RFAM_21157,91,0.857143,0.888889,0.827586,24,3,5,0.8000
bpRNA_RFAM_21162,130,0.521739,0.375000,0.857143,24,40,4,0.3300
bpRNA_RFAM_21203,116,0.785714,0.814815,0.758621,22,5,7,0.5800
bpRNA_RFAM_21216,114,0.666667,0.818182,0.562500,18,4,14,0.7300
bpRNA_RFAM_21238,113,0.750000,0.807692,0.700000,21,5,9,0.6900
bpRNA_RFAM_21241,99,0.818182,0.750000,0.900000,27,9,3,0.7700
bpRNA_RFAM_21276,99,0.213333,0.163265,0.307692,8,41,18,0.1900
bpRNA_RFAM_21279,111,0.866667,0.962963,0.787879,26,1,7,0.5400
bpRNA_RFAM_21294,80,0.800000,0.900000,0.720000,18,2,7,0.8700
bpRNA_RFAM_21323,104,0.777778,0.913043,0.677419,21,2,10,0.7400
bpRNA_RFAM_21346,98,0.110701,0.062241,0.500000,15,226,15,0.0300
bpRNA_RFAM_21383,97,0.735294,0.675676,0.806452,25,12,6,0.3200
bpRNA_RFAM_21421,119,0.547619,0.433962,0.741935,23,30,8,0.2300
bpRNA_RFAM_21434,81,0.843750,0.729730,1.000000,27,10,0,0.4000
bpRNA_RFAM_21437,94,0.929577,0.891892,0.970588,33,4,1,0.8700
bpRNA_RFAM_21486,116,0.772727,0.944444,0.653846,17,1,9,0.9100
bpRNA_RFAM_21498,99,0.904110,0.868421,0.942857,33,5,2,0.5800
bpRNA_RFAM_21526,87,0.785714,0.916667,0.687500,22,2,10,0.9400
bpRNA_RFAM_21540,83,0.916667,1.000000,0.846154,22,0,4,0.9100
bpRNA_RFAM_21545,89,0.825397,0.838710,0.812500,26,5,6,0.8400
bpRNA_RFAM_21554,108,0.819672,0.925926,0.735294,25,2,9,0.7100
bpRNA_RFAM_21584,102,0.745763,0.758621,0.733333,22,7,8,0.8900
bpRNA_RFAM_21587,81,0.847458,0.806452,0.892857,25,6,3,0.8500
bpRNA_RFAM_21590,124,0.388889,0.297872,0.560000,14,33,11,0.2100
bpRNA_RFAM_21591,129,0.294118,0.454545,0.217391,5,6,18,0.6800
bpRNA_RFAM_21619,96,0.793651,0.781250,0.806452,25,7,6,0.9100
bpRNA_RFAM_21625,96,0.840580,0.763158,0.935484,29,9,2,0.7000
bpRNA_RFAM_21683,94,0.571429,0.580645,0.562500,18,13,14,0.4400
bpRNA_RFAM_21697,181,0.923077,0.888889,0.960000,72,9,3,0.7900
bpRNA_RFAM_21773,84,0.800000,0.800000,0.800000,24,6,6,0.8100
bpRNA_RFAM_21830,135,0.758621,0.717391,0.804878,33,13,8,0.8700
bpRNA_RFAM_21832,136,0.795455,0.744681,0.853659,35,12,6,0.9200
bpRNA_RFAM_21839,78,0.947368,0.931034,0.964286,27,2,1,0.7100
bpRNA_RFAM_21857,89,0.271605,0.174603,0.611111,11,52,7,0.0800
bpRNA_RFAM_21938,78,0.806452,0.806452,0.806452,25,6,6,0.9200
bpRNA_RFAM_21943,78,0.920000,0.920000,0.920000,23,2,2,0.9300
bpRNA_RFAM_22008,76,0.320000,0.363636,0.285714,8,14,20,0.5600
bpRNA_RFAM_22044,78,0.933333,0.875000,1.000000,28,4,0,0.8800
bpRNA_RFAM_22060,52,0.875000,0.823529,0.933333,14,3,1,0.8700
bpRNA_RFAM_22136,97,0.794118,0.843750,0.750000,27,5,9,0.6200
bpRNA_RFAM_22188,64,0.571429,0.625000,0.526316,10,6,9,0.3000
bpRNA_RFAM_22230,116,0.212121,0.140000,0.437500,14,86,18,0.0400
bpRNA_RFAM_2225,55,0.720000,0.900000,0.600000,9,1,6,0.3700
bpRNA_RFAM_22284,103,0.773333,0.707317,0.852941,29,12,5,0.5400
bpRNA_RFAM_22301,79,0.622222,0.823529,0.500000,14,3,14,0.5900
bpRNA_RFAM_22311,172,0.712329,0.962963,0.565217,26,1,20,0.9100
bpRNA_RFAM_22328,95,0.091603,0.051502,0.413793,12,221,17,0.0800
bpRNA_RFAM_22343,96,0.666667,0.647059,0.687500,22,12,10,0.3100
bpRNA_RFAM_22354,74,0.642857,0.514286,0.857143,18,17,3,0.4200
bpRNA_RFAM_22368,100,0.203008,0.116883,0.771429,27,204,8,0.0700
bpRNA_RFAM_22421,94,0.515152,0.515152,0.515152,17,16,16,0.8500
bpRNA_RFAM_22456,96,0.789474,0.750000,0.833333,15,5,3,0.6900
bpRNA_RFAM_22485,91,0.181818,0.146341,0.240000,6,35,19,0.2700
bpRNA_RFAM_22487,97,0.350000,0.466667,0.280000,7,8,18,0.4600
bpRNA_RFAM_22502,90,0.317757,0.212500,0.629630,17,63,10,0.2000
bpRNA_RFAM_22534,97,0.900000,0.818182,1.000000,27,6,0,0.9200
bpRNA_RFAM_22556,91,0.915254,0.931034,0.900000,27,2,3,0.9300
bpRNA_RFAM_22657,81,0.596491,0.485714,0.772727,17,18,5,0.4400
bpRNA_RFAM_22684,75,0.444444,0.500000,0.400000,8,8,12,0.7600
bpRNA_RFAM_22730,90,0.756757,0.933333,0.636364,14,1,8,0.9300
bpRNA_RFAM_2274,327,0.125628,0.072886,0.454545,25,318,30,0.1700
bpRNA_RFAM_22746,121,0.628571,0.846154,0.500000,11,2,11,0.7700
bpRNA_RFAM_22902,120,0.522727,0.450980,0.621622,23,28,14,0.3300
bpRNA_RFAM_22909,146,0.303797,0.307692,0.300000,12,27,28,0.5100
bpRNA_RFAM_22913,160,0.710526,0.794118,0.642857,27,7,15,0.6400
bpRNA_RFAM_22914,138,0.363636,0.444444,0.307692,12,15,27,0.7200
bpRNA_RFAM_22924,111,0.590164,0.642857,0.545455,18,10,15,0.8600
bpRNA_RFAM_22941,121,0.622951,0.730769,0.542857,19,7,16,0.7000
bpRNA_RFAM_22967,113,0.641509,0.680000,0.607143,17,8,11,0.6600
bpRNA_RFAM_22988,111,0.631579,1.000000,0.461538,6,0,7,0.8700
bpRNA_RFAM_23002,84,0.769231,0.769231,0.769231,10,3,3,0.9400
bpRNA_RFAM_23022,98,0.347107,0.230769,0.700000,21,70,9,0.8500
bpRNA_RFAM_2306,278,0.328767,0.255319,0.461538,24,70,28,0.3500
bpRNA_RFAM_23075,97,0.712644,0.596154,0.885714,31,21,4,0.4600
bpRNA_RFAM_23193,48,0.611111,0.458333,0.916667,11,13,1,0.1000
bpRNA_RFAM_23201,44,0.947368,1.000000,0.900000,9,0,1,0.7200
bpRNA_RFAM_23233,46,0.869565,0.909091,0.833333,10,1,2,0.3500
bpRNA_RFAM_23266,133,0.567901,0.425926,0.851852,23,31,4,0.3000
bpRNA_RFAM_23293,93,0.637681,0.523810,0.814815,22,20,5,0.5500
bpRNA_RFAM_23404,118,0.538462,0.525000,0.552632,21,19,17,0.4100
bpRNA_RFAM_23450,56,0.536585,0.458333,0.647059,11,13,6,0.1600
bpRNA_RFAM_23463,48,0.000000,0.000000,0.000000,0,0,0,0.5000
bpRNA_RFAM_23518,22,0.583333,0.411765,1.000000,7,10,0,0.0800
bpRNA_RFAM_2399,369,0.398437,0.349315,0.463636,51,95,59,0.4600
bpRNA_RFAM_23990,79,1.000000,1.000000,1.000000,5,0,0,0.8700
bpRNA_RFAM_2400,389,0.422680,0.482353,0.376147,41,44,68,0.4700
bpRNA_RFAM_24005,81,0.857143,0.750000,1.000000,3,1,0,0.9200
bpRNA_RFAM_24050,89,0.857143,1.000000,0.750000,3,0,1,0.7200
bpRNA_RFAM_24071,88,1.000000,1.000000,1.000000,3,0,0,0.9400
bpRNA_RFAM_24166,86,1.000000,1.000000,1.000000,6,0,0,0.8100
bpRNA_RFAM_2417,354,0.309278,0.357143,0.272727,30,54,80,0.4200
bpRNA_RFAM_24257,96,0.491228,0.368421,0.736842,14,24,5,0.2700
bpRNA_RFAM_24262,106,0.702703,0.565217,0.928571,13,10,1,0.6200
bpRNA_RFAM_24274,97,0.222222,0.142857,0.500000,1,6,1,0.4400
bpRNA_RFAM_24303,106,0.785714,0.846154,0.733333,11,2,4,0.8100
bpRNA_RFAM_24306,104,0.064935,0.035461,0.384615,5,136,8,0.1100
bpRNA_RFAM_24366,117,0.195122,0.153846,0.266667,4,22,11,0.4800
bpRNA_RFAM_24370,117,0.826087,0.826087,0.826087,19,4,4,0.8500
bpRNA_RFAM_24371,118,0.474576,0.388889,0.608696,14,22,9,0.3100
bpRNA_RFAM_24399,128,0.523810,0.785714,0.392857,11,3,17,0.7900
bpRNA_RFAM_24439,121,0.567568,0.488372,0.677419,21,22,10,0.2400
bpRNA_RFAM_24472,134,0.711111,0.615385,0.842105,32,20,6,0.5100
bpRNA_RFAM_24503,145,0.872727,0.888889,0.857143,24,3,4,0.8700
bpRNA_RFAM_24578,180,0.567901,0.511111,0.638889,23,22,13,0.4400
bpRNA_RFAM_24586,183,0.735294,0.781250,0.694444,25,7,11,0.8000
bpRNA_RFAM_24640,190,0.466019,0.406780,0.545455,24,35,20,0.3900
bpRNA_RFAM_24642,206,0.177215,0.118644,0.350000,14,104,26,0.1400
bpRNA_RFAM_24645,189,0.316456,0.213675,0.609756,25,92,16,0.1500
bpRNA_RFAM_24706,214,0.327586,0.301587,0.358491,19,44,34,0.4000
bpRNA_RFAM_24717,197,0.431818,0.558824,0.351852,19,15,35,0.6100
bpRNA_RFAM_24722,201,0.479167,0.534884,0.433962,23,20,30,0.5500
bpRNA_RFAM_24732,207,0.494118,0.617647,0.411765,21,13,30,0.6100
bpRNA_RFAM_24804,386,0.400000,0.393939,0.406250,52,80,76,0.3700
bpRNA_RFAM_24906,77,0.888889,0.800000,1.000000,4,1,0,0.9100
bpRNA_RFAM_24926,81,0.018657,0.009416,1.000000,5,526,0,0.0200
bpRNA_RFAM_24930,88,0.266667,0.153846,1.000000,2,11,0,0.3000
bpRNA_RFAM_24933,87,0.666667,0.600000,0.750000,3,2,1,0.8800
bpRNA_RFAM_24956,94,0.923077,0.857143,1.000000,6,1,0,0.8800
bpRNA_RFAM_24975,145,0.037383,0.019293,0.600000,6,305,4,0.0500
bpRNA_RFAM_24976,139,0.846154,0.785714,0.916667,11,3,1,0.7400
bpRNA_RFAM_24987,139,0.560000,0.538462,0.583333,7,6,5,0.7800
bpRNA_RFAM_25043,313,0.200000,0.200000,0.200000,3,12,12,0.8300
bpRNA_RFAM_25063,327,0.285714,0.285714,0.285714,16,40,40,0.5600
bpRNA_RFAM_25069,320,0.270677,0.227848,0.333333,18,61,36,0.4300
bpRNA_RFAM_25088,69,0.833333,0.714286,1.000000,5,2,0,0.8800
bpRNA_RFAM_2509,415,0.185000,0.126280,0.345794,37,256,70,0.2700
bpRNA_RFAM_25106,73,0.705882,0.666667,0.750000,6,3,2,0.4100
bpRNA_RFAM_25159,68,0.008333,0.004184,1.000000,1,238,0,0.0200
bpRNA_RFAM_25233,28,1.000000,1.000000,1.000000,5,0,0,0.6300
bpRNA_RFAM_25285,37,1.000000,1.000000,1.000000,9,0,0,0.6700
bpRNA_RFAM_25341,36,0.888889,0.800000,1.000000,8,2,0,0.2700
bpRNA_RFAM_25360,38,0.571429,0.400000,1.000000,6,9,0,0.0300
bpRNA_RFAM_25403,37,0.941176,1.000000,0.888889,8,0,1,0.8400
bpRNA_RFAM_25419,38,0.025157,0.013072,0.333333,2,151,4,0.0100
bpRNA_RFAM_25434,37,0.428571,0.272727,1.000000,3,8,0,0.1100
bpRNA_RFAM_25531,88,0.615385,0.666667,0.571429,12,6,9,0.7500
bpRNA_RFAM_25543,123,0.500000,0.592593,0.432432,16,11,21,0.4400
bpRNA_RFAM_25556,279,0.191882,0.143646,0.288889,26,155,64,0.3800
bpRNA_RFAM_25623,81,0.971429,0.944444,1.000000,17,1,0,0.7100
bpRNA_RFAM_25624,78,0.848485,0.875000,0.823529,14,2,3,0.9500
bpRNA_RFAM_25637,77,0.941176,0.941176,0.941176,16,1,1,0.6600
bpRNA_RFAM_25658,134,0.256410,0.357143,0.200000,5,9,20,0.7100
bpRNA_RFAM_25666,137,0.037037,0.020161,0.227273,5,243,17,0.0400
bpRNA_RFAM_2568,404,0.229508,0.291667,0.189189,21,51,90,0.7200
bpRNA_RFAM_25828,148,0.553846,0.620690,0.500000,18,11,18,0.5800
bpRNA_RFAM_2585,366,0.490000,0.563218,0.433628,49,38,64,0.4700
bpRNA_RFAM_25850,88,0.714286,0.625000,0.833333,10,6,2,0.3000
bpRNA_RFAM_25865,107,0.571429,0.636364,0.518519,14,8,13,0.1700
bpRNA_RFAM_25874,244,0.215385,0.194444,0.241379,14,58,44,0.4100
bpRNA_RFAM_2589,338,0.316129,0.242574,0.453704,49,153,59,0.2600
bpRNA_RFAM_25893,89,0.739130,0.739130,0.739130,17,6,6,0.7400
bpRNA_RFAM_25908,93,0.708333,0.680000,0.739130,17,8,6,0.8800
bpRNA_RFAM_25922,92,0.723404,0.708333,0.739130,17,7,6,0.6100
bpRNA_RFAM_25948,71,0.533333,0.800000,0.400000,8,2,12,0.6800
bpRNA_RFAM_2595,432,0.333333,0.322314,0.345133,39,82,74,0.5500
bpRNA_RFAM_25969,160,0.629630,0.809524,0.515152,17,4,16,0.7500
bpRNA_RFAM_2598,348,0.392344,0.405941,0.379630,41,60,67,0.4300
bpRNA_RFAM_26006,113,0.553191,1.000000,0.382353,13,0,21,0.9200
bpRNA_RFAM_26067,178,0.270270,0.192308,0.454545,5,21,6,0.6700
bpRNA_RFAM_26071,187,0.121212,0.064935,0.909091,10,144,1,0.1600
bpRNA_RFAM_2614,426,0.294737,0.350000,0.254545,28,52,82,0.6000
bpRNA_RFAM_26224,187,0.049383,0.028571,0.181818,2,68,9,0.2100
bpRNA_RFAM_2623,394,0.254438,0.188596,0.390909,43,185,67,0.3300
bpRNA_RFAM_26243,178,0.625000,1.000000,0.454545,5,0,6,0.8600
bpRNA_RFAM_26260,175,0.037855,0.019608,0.545455,6,300,5,0.0700
bpRNA_RFAM_26283,171,0.036364,0.018553,0.909091,10,529,1,0.0500
bpRNA_RFAM_26295,187,0.235294,0.173913,0.363636,4,19,7,0.5300
bpRNA_RFAM_26301,178,0.029973,0.015214,1.000000,11,712,0,0.0400
bpRNA_RFAM_26302,178,0.818182,0.818182,0.818182,9,2,2,0.5600
bpRNA_RFAM_26319,91,1.000000,1.000000,1.000000,3,0,0,0.9300
bpRNA_RFAM_26329,85,1.000000,1.000000,1.000000,3,0,0,0.9400
bpRNA_RFAM_26330,90,1.000000,1.000000,1.000000,3,0,0,0.9300
bpRNA_RFAM_26347,86,1.000000,1.000000,1.000000,3,0,0,0.7800
bpRNA_RFAM_26363,109,1.000000,1.000000,1.000000,3,0,0,0.8400
bpRNA_RFAM_2637,357,0.353591,0.438356,0.296296,32,41,76,0.6100
bpRNA_RFAM_26418,144,0.771429,0.794118,0.750000,27,7,9,0.5500
bpRNA_RFAM_26422,222,0.307692,0.265060,0.366667,22,61,38,0.3200
bpRNA_RFAM_26493,225,0.437500,0.875000,0.291667,14,2,34,0.7000
bpRNA_RFAM_26525,84,0.390244,0.271186,0.695652,16,43,7,0.0900
bpRNA_RFAM_26555,128,0.035088,0.022472,0.080000,2,87,23,0.2200
bpRNA_RFAM_26568,495,0.205556,0.159483,0.289062,37,195,91,0.2500
bpRNA_RFAM_26606,97,0.500000,0.441176,0.576923,15,19,11,0.2500
bpRNA_RFAM_26614,145,0.262295,0.296296,0.235294,8,19,26,0.5400
bpRNA_RFAM_26671,180,0.019305,0.010142,0.200000,5,488,20,0.0700
bpRNA_RFAM_26683,181,0.253968,0.228571,0.285714,8,27,20,0.5800
bpRNA_RFAM_26695,328,0.486111,0.573770,0.421687,35,26,48,0.4200
bpRNA_RFAM_26708,157,0.105263,0.058419,0.531250,17,274,15,0.0900
bpRNA_RFAM_26735,117,0.473684,0.473684,0.473684,9,10,10,0.7600
bpRNA_RFAM_26743,117,0.454545,1.000000,0.294118,5,0,12,0.9700
bpRNA_RFAM_26744,117,0.722222,0.764706,0.684211,13,4,6,0.7200
bpRNA_RFAM_26745,117,0.509091,0.388889,0.736842,14,22,5,0.4200
bpRNA_RFAM_26751,117,0.642857,1.000000,0.473684,9,0,10,0.8000
bpRNA_RFAM_26811,165,0.106195,0.059406,0.500000,6,95,6,0.1900
bpRNA_RFAM_26818,63,0.413793,0.307692,0.631579,12,27,7,0.1300
bpRNA_RFAM_26824,302,0.213904,0.194175,0.238095,20,83,64,0.3400
bpRNA_RFAM_26828,296,0.129870,0.129870,0.129870,10,67,67,0.4800
bpRNA_RFAM_2685,376,0.250784,0.193237,0.357143,40,167,72,0.2400
bpRNA_RFAM_26881,69,0.900000,0.900000,0.900000,9,1,1,0.7000
bpRNA_RFAM_26900,73,0.560000,0.777778,0.437500,7,2,9,0.4000
bpRNA_RFAM_26926,72,0.941176,0.941176,0.941176,16,1,1,0.4700
bpRNA_RFAM_26929,72,0.606061,0.625000,0.588235,10,6,7,0.8100
bpRNA_RFAM_26949,65,0.914286,0.888889,0.941176,16,2,1,0.9400
bpRNA_RFAM_26954,70,0.689655,0.909091,0.555556,10,1,8,0.9200
bpRNA_RFAM_26979,62,0.560000,1.000000,0.388889,7,0,11,0.9600
bpRNA_RFAM_26981,63,0.937500,0.937500,0.937500,15,1,1,0.7600
bpRNA_RFAM_26989,70,0.705882,0.666667,0.750000,6,3,2,0.9500
bpRNA_RFAM_27001,70,0.888889,0.800000,1.000000,16,4,0,0.6600
bpRNA_RFAM_27025,60,0.636364,1.000000,0.466667,7,0,8,0.5100
bpRNA_RFAM_2703,343,0.328571,0.589744,0.227723,23,16,78,0.7200
bpRNA_RFAM_27096,126,0.001263,0.000632,1.000000,2,3164,0,0.0200
bpRNA_RFAM_27098,130,0.000802,0.000401,1.000000,2,4982,0,0.0200
bpRNA_RFAM_27111,83,0.800000,0.666667,1.000000,2,1,0,0.9800
bpRNA_RFAM_27145,142,0.592593,0.695652,0.516129,16,7,15,0.3000
bpRNA_RFAM_27159,130,0.819672,0.961538,0.714286,25,1,10,0.5500
bpRNA_RFAM_27160,141,0.710526,0.771429,0.658537,27,8,14,0.7600
bpRNA_RFAM_2720,331,0.321168,0.523810,0.231579,22,20,73,0.6200
bpRNA_RFAM_27208,132,0.904110,0.970588,0.846154,33,1,6,0.6700
bpRNA_RFAM_2722,397,0.373541,0.328767,0.432432,48,98,63,0.3600
bpRNA_RFAM_27221,129,0.746269,0.781250,0.714286,25,7,10,0.6900
bpRNA_RFAM_27237,149,1.000000,1.000000,1.000000,3,0,0,0.9400
bpRNA_RFAM_27311,70,0.864865,0.842105,0.888889,16,3,2,0.8800
bpRNA_RFAM_27358,72,0.290909,0.205128,0.500000,8,31,8,0.2200
bpRNA_RFAM_27365,145,0.162162,0.750000,0.090909,3,1,30,0.5300
bpRNA_RFAM_27414,385,0.333333,0.340000,0.326923,17,33,35,0.5600
bpRNA_RFAM_27538,107,0.461538,0.409091,0.529412,9,13,8,0.1800
bpRNA_RFAM_27563,127,0.228571,0.222222,0.235294,4,14,13,0.3800
bpRNA_RFAM_27612,46,1.000000,1.000000,1.000000,12,0,0,0.4900
bpRNA_RFAM_2763,364,0.408840,0.544118,0.327434,37,31,76,0.6600
bpRNA_RFAM_27638,46,0.960000,0.923077,1.000000,12,1,0,0.4800
bpRNA_RFAM_27709,75,0.697674,0.681818,0.714286,15,7,6,0.8500
bpRNA_RFAM_27765,129,0.303797,0.266667,0.352941,12,33,22,0.3600
bpRNA_RFAM_2786,338,0.313514,0.376623,0.268519,29,48,79,0.5500
bpRNA_RFAM_27882,134,0.181818,0.131579,0.294118,10,66,24,0.1800
bpRNA_RFAM_27884,67,0.600000,0.692308,0.529412,9,4,8,0.6700
bpRNA_RFAM_27887,67,0.615385,0.545455,0.705882,12,10,5,0.5500
bpRNA_RFAM_27946,68,0.555556,0.405405,0.882353,15,22,2,0.1700
bpRNA_RFAM_27995,76,1.000000,1.000000,1.000000,8,0,0,0.5600
bpRNA_RFAM_28014,118,0.232558,0.238095,0.227273,5,16,17,0.6200
bpRNA_RFAM_28018,118,0.232558,0.227273,0.238095,5,17,16,0.4300
bpRNA_RFAM_28033,143,0.390244,0.470588,0.333333,8,9,16,0.5300
bpRNA_RFAM_28097,86,0.333333,0.800000,0.210526,4,1,15,0.6200
bpRNA_RFAM_281,100,0.436364,0.413793,0.461538,12,17,14,0.2200
bpRNA_RFAM_28143,88,0.901961,0.958333,0.851852,23,1,4,0.9500
bpRNA_RFAM_28145,87,0.945455,0.928571,0.962963,26,2,1,0.5200
bpRNA_RFAM_2828,337,0.309524,0.245283,0.419355,39,120,54,0.4200
bpRNA_RFAM_28328,84,0.936170,1.000000,0.880000,22,0,3,0.8000
bpRNA_RFAM_28353,90,0.981818,0.964286,1.000000,27,1,0,0.9000
bpRNA_RFAM_28373,87,0.945455,0.928571,0.962963,26,2,1,0.6100
bpRNA_RFAM_28378,86,0.981818,0.964286,1.000000,27,1,0,0.7500
bpRNA_RFAM_28471,88,0.867925,0.884615,0.851852,23,3,4,0.4300
bpRNA_RFAM_28490,90,0.928571,0.896552,0.962963,26,3,1,0.6100
bpRNA_RFAM_28503,87,0.981818,0.964286,1.000000,27,1,0,0.6500
bpRNA_RFAM_28532,94,0.962963,0.962963,0.962963,26,1,1,0.7100
bpRNA_RFAM_28541,92,0.943396,0.961538,0.925926,25,1,2,0.3800
bpRNA_RFAM_28564,88,0.981818,0.964286,1.000000,27,1,0,0.5500
bpRNA_RFAM_28609,75,0.742857,0.812500,0.684211,13,3,6,0.9700
bpRNA_RFAM_2861,382,0.282158,0.250000,0.323810,34,102,71,0.4000
bpRNA_RFAM_28629,167,0.245614,0.222222,0.274510,14,49,37,0.8000
bpRNA_RFAM_28632,169,0.565517,0.476744,0.694915,41,45,18,0.4900
bpRNA_RFAM_28637,154,0.311111,0.250000,0.411765,21,63,30,0.3900
bpRNA_RFAM_29020,67,0.666667,0.578947,0.785714,11,8,3,0.2500
bpRNA_RFAM_29022,74,0.785714,0.785714,0.785714,11,3,3,0.7200
bpRNA_RFAM_29053,70,0.518519,0.538462,0.500000,7,6,7,0.5600
bpRNA_RFAM_29070,63,0.880000,1.000000,0.785714,11,0,3,0.9500
bpRNA_RFAM_29080,71,0.740741,0.769231,0.714286,10,3,4,0.5900
bpRNA_RFAM_29085,207,0.432432,0.533333,0.363636,16,14,28,0.8500
bpRNA_RFAM_2952,188,0.584071,0.532258,0.647059,33,29,18,0.3300
bpRNA_RFAM_2954,218,0.276596,0.406250,0.209677,13,19,49,0.7000
bpRNA_RFAM_29546,56,0.409091,0.321429,0.562500,9,19,7,0.0800
bpRNA_RFAM_29635,64,0.370370,0.555556,0.277778,5,4,13,0.9500
bpRNA_RFAM_2970,216,0.396040,0.444444,0.357143,20,25,36,0.7100
bpRNA_RFAM_2977,220,0.371134,0.514286,0.290323,18,17,44,0.7300
bpRNA_RFAM_29792,69,0.882353,0.882353,0.882353,15,2,2,0.9400
bpRNA_RFAM_29809,118,0.419355,0.302326,0.684211,13,30,6,0.6400
bpRNA_RFAM_29836,99,0.695652,0.592593,0.842105,16,11,3,0.6300
bpRNA_RFAM_2987,214,0.466019,0.489796,0.444444,24,25,30,0.6400
bpRNA_RFAM_29894,105,0.904762,0.826087,1.000000,19,4,0,0.8400
bpRNA_RFAM_29896,82,0.142857,0.088235,0.375000,6,62,10,0.0800
bpRNA_RFAM_29915,82,0.600000,0.818182,0.473684,9,2,10,0.9800
bpRNA_RFAM_29918,72,0.144144,0.082474,0.571429,8,89,6,0.0300
bpRNA_RFAM_29984,95,0.833333,1.000000,0.714286,15,0,6,0.7200
bpRNA_RFAM_30063,38,1.000000,1.000000,1.000000,5,0,0,0.3100
bpRNA_RFAM_3009,216,0.288889,0.433333,0.216667,13,17,47,0.5600
bpRNA_RFAM_30143,76,0.516129,0.888889,0.363636,8,1,14,0.6700
bpRNA_RFAM_30226,89,0.444444,0.857143,0.300000,6,1,14,0.1500
bpRNA_RFAM_30236,64,0.210526,0.121212,0.800000,4,29,1,0.1700
bpRNA_RFAM_30280,72,0.916667,0.846154,1.000000,11,2,0,0.1600
bpRNA_RFAM_3033,184,0.299517,0.193750,0.659574,31,129,16,0.2100
bpRNA_RFAM_3041,182,0.441860,0.513514,0.387755,19,18,30,0.4600
bpRNA_RFAM_30475,96,0.560000,0.538462,0.583333,7,6,5,0.7700
bpRNA_RFAM_30527,97,0.588235,1.000000,0.416667,5,0,7,0.9600
bpRNA_RFAM_30749,88,0.666667,0.777778,0.583333,7,2,5,0.8800
bpRNA_RFAM_30768,97,0.666667,1.000000,0.500000,6,0,6,0.9700
bpRNA_RFAM_30803,135,0.450000,0.642857,0.346154,9,5,17,0.5800
bpRNA_RFAM_30805,151,0.518519,0.538462,0.500000,14,12,14,0.4600
bpRNA_RFAM_30810,143,0.600000,0.681818,0.535714,15,7,13,0.4800
bpRNA_RFAM_30812,135,0.136364,0.086538,0.321429,9,95,19,0.2100
bpRNA_RFAM_3085,184,0.649351,0.892857,0.510204,25,3,24,0.7100
bpRNA_RFAM_30886,103,0.779661,0.741935,0.821429,23,8,5,0.5600
bpRNA_RFAM_30951,97,0.350000,0.500000,0.269231,7,7,19,0.6800
bpRNA_RFAM_31005,114,0.321429,0.290323,0.360000,9,22,16,0.6400
bpRNA_RFAM_3116,179,0.102439,0.057851,0.446809,21,342,26,0.0800
bpRNA_RFAM_31200,111,0.343434,0.236111,0.629630,17,55,10,0.1000
bpRNA_RFAM_31207,95,0.491228,0.466667,0.518519,14,16,13,0.2900
bpRNA_RFAM_31223,101,0.440000,0.314286,0.733333,22,48,8,0.0800
bpRNA_RFAM_31267,92,0.333333,0.266667,0.444444,12,33,15,0.1000
bpRNA_RFAM_3130,196,0.069414,0.038462,0.355556,16,400,29,0.0500
bpRNA_RFAM_31305,108,0.254545,0.241379,0.269231,7,22,19,0.3000
bpRNA_RFAM_3131,188,0.477612,0.888889,0.326531,16,2,33,0.5700
bpRNA_RFAM_31325,110,0.441176,0.394737,0.500000,15,23,15,0.4700
bpRNA_RFAM_31456,80,0.025424,0.013393,0.250000,3,221,9,0.0200
bpRNA_RFAM_31470,52,0.823529,1.000000,0.700000,7,0,3,0.8200
bpRNA_RFAM_31482,48,0.777778,0.875000,0.700000,7,1,3,0.0700
bpRNA_RFAM_31490,49,0.571429,1.000000,0.400000,4,0,6,0.6100
bpRNA_RFAM_31524,160,0.324324,0.666667,0.214286,6,3,22,0.8700
bpRNA_RFAM_31537,156,0.492754,0.472222,0.515152,17,19,16,0.2700
bpRNA_RFAM_31541,159,0.466667,0.466667,0.466667,14,16,16,0.6600
bpRNA_RFAM_31543,160,0.333333,0.246154,0.516129,16,49,15,0.3200
bpRNA_RFAM_31580,89,0.358974,0.333333,0.388889,7,14,11,0.8800
bpRNA_RFAM_316,109,0.666667,0.730769,0.612903,19,7,12,0.6900
bpRNA_RFAM_31626,166,0.608696,0.571429,0.651163,28,21,15,0.6900
bpRNA_RFAM_31648,169,0.714286,0.769231,0.666667,30,9,15,0.7400
bpRNA_RFAM_31682,170,0.672897,0.580645,0.800000,36,26,9,0.4200
bpRNA_RFAM_31775,78,0.583333,0.482759,0.736842,14,15,5,0.7000
bpRNA_RFAM_31857,62,0.842105,0.888889,0.800000,8,1,2,0.5100
bpRNA_RFAM_32058,62,0.588235,0.714286,0.500000,5,2,5,0.9100
bpRNA_RFAM_32059,62,0.526316,0.555556,0.500000,5,4,5,0.9100
bpRNA_RFAM_32064,76,0.056604,0.029412,0.750000,6,198,2,0.0200
bpRNA_RFAM_32071,60,0.370370,0.250000,0.714286,5,15,2,0.4100
bpRNA_RFAM_32073,69,0.952381,0.909091,1.000000,10,1,0,0.8500
bpRNA_RFAM_32083,79,0.516129,0.380952,0.800000,8,13,2,0.2800
bpRNA_RFAM_32087,62,0.588235,0.714286,0.500000,5,2,5,0.1800
bpRNA_RFAM_3209,140,0.485714,0.435897,0.548387,17,22,14,0.5200
bpRNA_RFAM_32126,113,0.431818,0.358491,0.542857,19,34,16,0.4400
bpRNA_RFAM_32277,48,0.769231,1.000000,0.625000,5,0,3,0.9000
bpRNA_RFAM_32679,64,0.880000,1.000000,0.785714,11,0,3,0.9600
bpRNA_RFAM_32711,84,0.625000,1.000000,0.454545,5,0,6,0.8900
bpRNA_RFAM_3286,135,0.463415,0.358491,0.655172,19,34,10,0.3600
bpRNA_RFAM_33001,61,0.880000,1.000000,0.785714,11,0,3,0.9200
bpRNA_RFAM_3308,117,0.147059,0.090909,0.384615,10,100,16,0.1000
bpRNA_RFAM_33128,91,0.555556,0.833333,0.416667,5,1,7,0.8400
bpRNA_RFAM_33284,200,0.303030,0.714286,0.192308,10,4,42,0.7100
bpRNA_RFAM_33294,198,0.145251,0.100775,0.260000,13,116,37,0.3600
bpRNA_RFAM_33313,184,0.142857,0.085837,0.425532,20,213,27,0.1200
bpRNA_RFAM_3335,153,0.492308,0.470588,0.516129,16,18,15,0.4400
bpRNA_RFAM_33408,109,0.839506,0.755556,0.944444,34,11,2,0.5700
bpRNA_RFAM_33533,58,0.384615,0.333333,0.454545,5,10,6,0.4900
bpRNA_RFAM_33588,92,0.800000,0.800000,0.800000,16,4,4,0.6800
bpRNA_RFAM_33611,103,0.636364,0.583333,0.700000,14,10,6,0.6300
bpRNA_RFAM_33614,88,0.352941,0.250000,0.600000,12,36,8,0.1700
bpRNA_RFAM_33628,88,0.276923,0.191489,0.500000,9,38,9,0.0700
bpRNA_RFAM_33646,89,0.761905,0.727273,0.800000,16,6,4,0.3600
bpRNA_RFAM_33698,82,0.857143,0.937500,0.789474,15,1,4,0.8100
bpRNA_RFAM_33732,90,0.620690,0.900000,0.473684,9,1,10,0.6100
bpRNA_RFAM_33756,96,0.655738,0.512821,0.909091,20,19,2,0.2300
bpRNA_RFAM_33775,88,0.480000,1.000000,0.315789,6,0,13,0.7300
bpRNA_RFAM_3378,295,0.233333,0.233333,0.233333,21,69,69,0.4900
bpRNA_RFAM_33803,91,0.947368,0.947368,0.947368,18,1,1,0.5300
bpRNA_RFAM_33897,70,0.941176,0.941176,0.941176,16,1,1,0.9000
bpRNA_RFAM_33959,66,0.789474,0.714286,0.882353,15,6,2,0.9500
bpRNA_RFAM_33984,194,0.280899,0.204918,0.446429,25,97,31,0.4400
bpRNA_RFAM_34027,58,0.909091,1.000000,0.833333,10,0,2,0.4700
bpRNA_RFAM_3405,301,0.272300,0.292929,0.254386,29,70,85,0.4500
bpRNA_RFAM_34079,143,0.444444,0.545455,0.375000,12,10,20,0.6600
bpRNA_RFAM_34111,154,0.453333,0.404762,0.515152,17,25,16,0.3600
bpRNA_RFAM_34132,149,0.372881,0.440000,0.323529,11,14,23,0.6500
bpRNA_RFAM_34150,135,0.292683,0.189474,0.642857,18,77,10,0.3200
bpRNA_RFAM_34152,161,0.634921,0.714286,0.571429,20,8,15,0.6200
bpRNA_RFAM_34223,70,0.857143,0.900000,0.818182,9,1,2,0.6300
bpRNA_RFAM_34301,97,0.588235,0.483871,0.750000,15,16,5,0.6100
bpRNA_RFAM_34320,98,0.379747,0.263158,0.681818,15,42,7,0.2500
bpRNA_RFAM_34332,96,0.562500,0.818182,0.428571,9,2,12,0.5700
bpRNA_RFAM_34369,97,0.486486,0.600000,0.409091,9,6,13,0.5100
bpRNA_RFAM_34397,100,0.363636,0.320000,0.421053,8,17,11,0.4100
bpRNA_RFAM_34403,100,0.619048,0.590909,0.650000,13,9,7,0.3200
bpRNA_RFAM_34421,62,0.020202,0.011236,0.100000,1,88,9,0.0300
bpRNA_RFAM_34459,101,0.622951,0.513514,0.791667,19,18,5,0.1700
bpRNA_RFAM_34523,443,0.239583,0.310811,0.194915,23,51,95,0.5800
bpRNA_RFAM_34548,82,0.380952,0.800000,0.250000,4,1,12,0.2300
bpRNA_RFAM_34557,81,0.333333,0.250000,0.500000,7,21,7,0.5200
bpRNA_RFAM_34568,62,0.454545,0.370370,0.588235,10,17,7,0.3200
bpRNA_RFAM_34572,125,0.540541,0.833333,0.400000,10,2,15,0.8900
bpRNA_RFAM_34598,136,0.812500,0.684211,1.000000,13,6,0,0.7800
bpRNA_RFAM_34653,105,0.631579,0.800000,0.521739,12,3,11,0.8900
bpRNA_RFAM_34667,106,0.578947,0.733333,0.478261,11,4,12,0.8800
bpRNA_RFAM_3467,361,0.354430,0.560000,0.259259,14,11,40,0.7600
bpRNA_RFAM_34675,138,0.548387,0.629630,0.485714,17,10,18,0.8400
bpRNA_RFAM_34719,68,0.077419,0.044776,0.285714,6,128,15,0.0600
bpRNA_RFAM_34740,75,0.514286,0.450000,0.600000,9,11,6,0.2100
bpRNA_RFAM_3477,348,0.365385,0.358491,0.372549,19,34,32,0.5900
bpRNA_RFAM_34832,83,0.328358,0.282051,0.392857,11,28,17,0.3200
bpRNA_RFAM_34891,191,0.602151,0.756757,0.500000,28,9,28,0.7500
bpRNA_RFAM_34934,52,0.956522,0.916667,1.000000,11,1,0,0.9200
bpRNA_RFAM_34968,52,0.909091,0.909091,0.909091,10,1,1,0.2800
bpRNA_RFAM_35154,143,0.291667,0.218750,0.437500,7,25,9,0.6600
bpRNA_RFAM_35168,54,0.769231,0.789474,0.750000,15,4,5,0.9200
bpRNA_RFAM_3522,84,0.722222,0.928571,0.590909,13,1,9,0.7200
bpRNA_RFAM_35232,191,0.506667,0.655172,0.413043,19,10,27,0.7200
bpRNA_RFAM_35249,77,0.793651,0.714286,0.892857,25,10,3,0.2100
bpRNA_RFAM_35392,132,0.622222,0.736842,0.538462,14,5,12,0.5200
bpRNA_RFAM_35416,65,0.533333,0.363636,1.000000,4,7,0,0.1100
bpRNA_RFAM_35435,53,0.666667,0.625000,0.714286,5,3,2,0.0500
bpRNA_RFAM_35472,95,0.659091,0.527273,0.878788,29,26,4,0.2400
bpRNA_RFAM_35475,128,0.571429,0.511628,0.647059,22,21,12,0.5600
bpRNA_RFAM_35485,92,0.400000,0.529412,0.321429,9,8,19,0.2000
bpRNA_RFAM_35511,90,0.536585,0.785714,0.407407,11,3,16,0.6500
bpRNA_RFAM_35524,91,0.482759,0.451613,0.518519,14,17,13,0.4700
bpRNA_RFAM_35551,90,0.178571,0.178571,0.178571,5,23,23,0.2000
bpRNA_RFAM_35567,100,0.654545,0.900000,0.514286,18,2,17,0.5000
bpRNA_RFAM_35571,73,0.322581,0.312500,0.333333,5,11,10,0.2400
bpRNA_RFAM_35581,74,0.434783,0.714286,0.312500,5,2,11,0.7600
bpRNA_RFAM_35590,35,1.000000,1.000000,1.000000,10,0,0,0.2200
bpRNA_RFAM_35615,27,1.000000,1.000000,1.000000,10,0,0,0.9700
bpRNA_RFAM_35632,54,0.315789,0.272727,0.375000,6,16,10,0.1700
bpRNA_RFAM_35678,80,0.909091,0.833333,1.000000,15,3,0,0.2500
bpRNA_RFAM_357,119,0.576271,0.653846,0.515152,17,9,16,0.9100
bpRNA_RFAM_35704,81,0.695652,1.000000,0.533333,8,0,7,0.9400
bpRNA_RFAM_35726,199,0.109091,0.078947,0.176471,3,35,14,0.4700
bpRNA_RFAM_35736,239,0.294118,0.294118,0.294118,5,12,12,0.8100
bpRNA_RFAM_35772,269,0.266667,0.318182,0.229508,14,30,47,0.6100
bpRNA_RFAM_35834,223,0.351648,0.571429,0.253968,16,12,47,0.6200
bpRNA_RFAM_35846,224,0.494845,0.800000,0.358209,24,6,43,0.8000
bpRNA_RFAM_35939,354,0.120482,0.083333,0.217391,10,110,36,0.4300
bpRNA_RFAM_35964,343,0.296296,0.301887,0.290909,16,37,39,0.7000
bpRNA_RFAM_35976,366,0.290909,0.216216,0.444444,24,87,30,0.4000
bpRNA_RFAM_35989,360,0.137931,0.111111,0.181818,10,80,45,0.4600
bpRNA_RFAM_36017,294,0.455882,0.449275,0.462687,31,38,36,0.4300
bpRNA_RFAM_36069,89,0.740741,0.769231,0.714286,20,6,8,0.8500
bpRNA_RFAM_36102,94,0.843750,0.771429,0.931034,27,8,2,0.7400
bpRNA_RFAM_3615,119,0.842105,0.888889,0.800000,24,3,6,0.8200
bpRNA_RFAM_36169,107,0.089796,0.051163,0.366667,11,204,19,0.0800
bpRNA_RFAM_362,112,0.409091,0.600000,0.310345,9,6,20,0.7900
bpRNA_RFAM_3621,115,0.438356,0.372093,0.533333,16,27,14,0.6200
bpRNA_RFAM_36234,117,0.219178,0.222222,0.216216,8,28,29,0.5100
bpRNA_RFAM_36357,311,0.173134,0.137441,0.233871,29,182,95,0.4200
bpRNA_RFAM_36422,123,0.518519,0.777778,0.388889,14,4,22,0.8200
bpRNA_RFAM_36465,122,0.606742,0.529412,0.710526,27,24,11,0.6000
bpRNA_RFAM_36483,63,1.000000,1.000000,1.000000,11,0,0,0.7400
bpRNA_RFAM_36485,66,0.916667,0.846154,1.000000,11,2,0,0.9700
bpRNA_RFAM_36491,67,0.937500,0.937500,0.937500,15,1,1,0.9500
bpRNA_RFAM_36524,174,0.378378,0.538462,0.291667,7,6,17,0.8100
bpRNA_RFAM_36585,106,0.585366,0.600000,0.571429,12,8,9,0.9200
bpRNA_RFAM_36724,104,0.440000,0.458333,0.423077,11,13,15,0.5100
bpRNA_RFAM_36732,75,0.687500,0.733333,0.647059,11,4,6,0.8500
bpRNA_RFAM_36748,133,0.064615,0.034202,0.583333,21,593,15,0.0400
bpRNA_RFAM_3675,110,0.510638,0.631579,0.428571,12,7,16,0.6000
bpRNA_RFAM_36793,128,0.307692,0.250000,0.400000,4,12,6,0.6700
bpRNA_RFAM_36798,125,0.205128,0.142857,0.363636,4,24,7,0.8400
bpRNA_RFAM_3685,123,0.754717,0.869565,0.666667,20,3,10,0.5400
bpRNA_RFAM_36905,125,0.666667,0.562500,0.818182,9,7,2,0.7100
bpRNA_RFAM_3691,118,0.812500,0.764706,0.866667,26,8,4,0.8800
bpRNA_RFAM_36951,120,0.625000,0.520833,0.781250,25,23,7,0.1800
bpRNA_RFAM_37148,100,0.538462,0.636364,0.466667,7,4,8,0.8100
bpRNA_RFAM_37225,105,0.885246,0.870968,0.900000,27,4,3,0.8600
bpRNA_RFAM_37304,82,0.610169,0.473684,0.857143,18,20,3,0.6800
bpRNA_RFAM_3732,119,0.766667,0.766667,0.766667,23,7,7,0.6700
bpRNA_RFAM_37379,91,0.606061,0.833333,0.476190,10,2,11,0.8900
bpRNA_RFAM_37401,111,0.170732,0.112903,0.350000,7,55,13,0.1700
bpRNA_RFAM_37426,86,0.756757,0.875000,0.666667,14,2,7,0.8900
bpRNA_RFAM_37436,85,0.666667,0.666667,0.666667,14,7,7,0.8100
bpRNA_RFAM_37447,75,0.533333,0.888889,0.380952,8,1,13,0.4400
bpRNA_RFAM_37473,117,0.335484,0.214876,0.764706,26,95,8,0.1200
bpRNA_RFAM_3748,121,0.523810,0.785714,0.392857,11,3,17,0.8000
bpRNA_RFAM_37487,120,0.585366,0.533333,0.648649,24,21,13,0.4800
bpRNA_RFAM_37511,121,0.695652,0.750000,0.648649,24,8,13,0.5000
bpRNA_RFAM_37528,120,0.805970,0.870968,0.750000,27,4,9,0.8300
bpRNA_RFAM_37556,120,0.788732,0.823529,0.756757,28,6,9,0.6500
bpRNA_RFAM_37599,118,0.782609,0.818182,0.750000,27,6,9,0.6200
bpRNA_RFAM_37605,123,0.744186,0.653061,0.864865,32,17,5,0.6700
bpRNA_RFAM_37659,172,0.625000,0.600000,0.652174,30,20,16,0.4500
bpRNA_RFAM_37664,175,0.541667,0.500000,0.590909,26,26,18,0.3500
bpRNA_RFAM_37668,171,0.277228,0.245614,0.318182,14,43,30,0.4800
bpRNA_RFAM_37692,171,0.554217,0.589744,0.522727,23,16,21,0.3800
bpRNA_RFAM_37721,169,0.625000,0.694444,0.568182,25,11,19,0.6000
bpRNA_RFAM_37757,171,0.456522,0.428571,0.488372,21,28,22,0.3100
bpRNA_RFAM_3777,114,0.735294,0.657895,0.833333,25,13,5,0.5100
bpRNA_RFAM_37770,171,0.649573,0.542857,0.808511,38,32,9,0.4200
bpRNA_RFAM_3778,120,0.862069,0.892857,0.833333,25,3,5,0.6100
bpRNA_RFAM_37817,168,0.222222,0.411765,0.152174,7,10,39,0.4100
bpRNA_RFAM_37831,173,0.617284,0.714286,0.543478,25,10,21,0.4800
bpRNA_RFAM_37922,164,0.064000,0.048780,0.093023,4,78,39,0.1800
bpRNA_RFAM_37924,172,0.482759,0.512195,0.456522,21,20,25,0.6100
bpRNA_RFAM_37954,174,0.610526,0.604167,0.617021,29,19,18,0.5800
bpRNA_RFAM_38013,169,0.589744,0.718750,0.500000,23,9,23,0.3700
bpRNA_RFAM_38028,165,0.400000,0.857143,0.260870,12,2,34,0.7900
bpRNA_RFAM_38083,140,0.519481,0.384615,0.800000,20,32,5,0.2200
bpRNA_RFAM_38130,139,0.476190,0.416667,0.555556,15,21,12,0.6600
bpRNA_RFAM_38133,141,0.444444,0.888889,0.296296,8,1,19,0.8100
bpRNA_RFAM_38136,118,0.239130,0.154930,0.523810,11,60,10,0.1200
bpRNA_RFAM_38141,148,0.517241,0.483871,0.555556,15,16,12,0.4000
bpRNA_RFAM_38158,154,0.296296,0.666667,0.190476,4,2,17,0.6800
bpRNA_RFAM_38200,179,0.023029,0.011797,0.481481,13,1089,14,0.0400
bpRNA_RFAM_38225,203,0.608696,0.736842,0.518519,28,10,26,0.5400
bpRNA_RFAM_38288,205,0.612245,0.681818,0.555556,30,14,24,0.7300
bpRNA_RFAM_38305,237,0.427350,0.409836,0.446429,25,36,31,0.5400
bpRNA_RFAM_38307,241,0.412698,0.371429,0.464286,26,44,30,0.4800
bpRNA_RFAM_38347,226,0.689655,0.689655,0.689655,40,18,18,0.7200
bpRNA_RFAM_38350,223,0.579882,0.441441,0.844828,49,62,9,0.3400
bpRNA_RFAM_38357,216,0.568627,0.580000,0.557692,29,21,23,0.6600
bpRNA_RFAM_38360,224,0.466667,0.380435,0.603448,35,57,23,0.3400
bpRNA_RFAM_38370,217,0.602151,0.717949,0.518519,28,11,26,0.6600
bpRNA_RFAM_38381,225,0.591304,0.596491,0.586207,34,23,24,0.6000
bpRNA_RFAM_38402,223,0.628099,0.603175,0.655172,38,25,20,0.5100
bpRNA_RFAM_38453,222,0.574468,0.750000,0.465517,27,9,31,0.6100
bpRNA_RFAM_38480,102,0.447368,0.447368,0.447368,17,21,21,0.7300
bpRNA_RFAM_38509,151,0.506667,0.558824,0.463415,19,15,22,0.3800
bpRNA_RFAM_38514,138,0.576923,0.652174,0.517241,15,8,14,0.6300
bpRNA_RFAM_38525,150,0.777778,0.848485,0.717949,28,5,11,0.7300
bpRNA_RFAM_38541,145,0.681818,0.576923,0.833333,30,22,6,0.6700
bpRNA_RFAM_38600,151,0.407407,0.500000,0.343750,11,11,21,0.2200
bpRNA_RFAM_38602,150,0.812500,0.709091,0.951220,39,16,2,0.8000
bpRNA_RFAM_38634,111,0.448980,0.550000,0.379310,11,9,18,0.6700
bpRNA_RFAM_38651,149,0.379310,0.578947,0.282051,11,8,28,0.8000
bpRNA_RFAM_38678,148,0.800000,0.875000,0.736842,28,4,10,0.8000
bpRNA_RFAM_38747,89,0.327273,0.300000,0.360000,9,21,16,0.4300
bpRNA_RFAM_38824,77,0.500000,0.888889,0.347826,8,1,15,0.2500
bpRNA_RFAM_38842,66,0.384615,0.277778,0.625000,10,26,6,0.1200
bpRNA_RFAM_38847,65,0.551724,0.615385,0.500000,8,5,8,0.9600
bpRNA_RFAM_38849,65,0.545455,1.000000,0.375000,6,0,10,0.9500
bpRNA_RFAM_38870,65,0.750000,0.750000,0.750000,12,4,4,0.5600
bpRNA_RFAM_38919,129,0.533333,0.631579,0.461538,12,7,14,0.5600
bpRNA_RFAM_38923,109,0.463768,0.355556,0.666667,16,29,8,0.4700
bpRNA_RFAM_38942,78,0.838710,0.866667,0.812500,13,2,3,0.8400
bpRNA_RFAM_38970,421,0.333333,0.428571,0.272727,27,36,72,0.5700
bpRNA_RFAM_38972,406,0.382979,0.371134,0.395604,36,61,55,0.5500
bpRNA_RFAM_39035,151,0.666667,0.621622,0.718750,23,14,9,0.4600
bpRNA_RFAM_39040,139,0.700000,0.677419,0.724138,21,10,8,0.8200
bpRNA_RFAM_39085,189,0.507937,0.533333,0.484848,16,14,17,0.5200
bpRNA_RFAM_39097,130,0.459016,0.437500,0.482759,14,18,15,0.5700
bpRNA_RFAM_39694,151,0.303030,0.263158,0.357143,15,42,27,0.3800
bpRNA_RFAM_39774,166,0.452830,0.545455,0.387097,12,10,19,0.6500
bpRNA_RFAM_39809,74,0.769231,1.000000,0.625000,10,0,6,0.9500
bpRNA_RFAM_39847,150,0.363636,0.325581,0.411765,14,29,20,0.3700
bpRNA_RFAM_39884,160,0.217391,0.384615,0.151515,5,8,28,0.6000
bpRNA_RFAM_39913,87,0.736842,1.000000,0.583333,7,0,5,0.9500
bpRNA_RFAM_39922,215,0.463415,0.542857,0.404255,19,16,28,0.6900
bpRNA_RFAM_39956,210,0.458333,0.916667,0.305556,11,1,25,0.7900
bpRNA_RFAM_40020,86,0.119850,0.067227,0.551724,16,222,13,0.0300
bpRNA_RFAM_40053,69,0.916667,0.846154,1.000000,22,4,0,0.8700
bpRNA_RFAM_40155,133,0.307692,0.666667,0.200000,4,2,16,0.7800
bpRNA_RFAM_40164,134,0.645161,0.833333,0.526316,10,2,9,0.4600
bpRNA_RFAM_40170,113,0.183908,0.121212,0.380952,8,58,13,0.2400
bpRNA_RFAM_40177,164,0.112676,0.081633,0.181818,4,45,18,0.2800
bpRNA_RFAM_40203,88,0.185430,0.105263,0.777778,14,119,4,0.0400
bpRNA_RFAM_40254,84,0.750000,0.750000,0.750000,12,4,4,0.5800
bpRNA_RFAM_40295,82,0.509091,0.451613,0.583333,14,17,10,0.3000
bpRNA_RFAM_40304,82,0.555556,0.833333,0.416667,10,2,14,0.3400
bpRNA_RFAM_40305,82,0.736842,1.000000,0.583333,14,0,10,0.7800
bpRNA_RFAM_40389,116,0.615385,0.600000,0.631579,24,16,14,0.6100
bpRNA_RFAM_40428,83,0.912281,0.896552,0.928571,26,3,2,0.7800
bpRNA_RFAM_40479,67,0.551724,0.727273,0.444444,8,3,10,0.9600
bpRNA_RFAM_40517,52,0.937500,1.000000,0.882353,15,0,2,0.8700
bpRNA_RFAM_4052,437,0.183486,0.625000,0.107527,10,6,83,0.8700
bpRNA_RFAM_40544,41,0.880000,0.846154,0.916667,11,2,1,0.6600
bpRNA_RFAM_40620,69,0.578947,0.523810,0.647059,11,10,6,0.7500
bpRNA_RFAM_40694,84,0.571429,0.466667,0.736842,14,16,5,0.2700
bpRNA_RFAM_40808,64,0.500000,0.444444,0.571429,8,10,6,0.9700
bpRNA_RFAM_40869,121,0.682927,1.000000,0.518519,14,0,13,0.8400
bpRNA_RFAM_40875,103,0.590164,0.580645,0.600000,18,13,12,0.5200
bpRNA_RFAM_40890,85,0.210526,0.157895,0.315789,6,32,13,0.0800
bpRNA_RFAM_40903,71,0.693878,0.629630,0.772727,17,10,5,0.4000
bpRNA_RFAM_40910,108,0.034934,0.019139,0.200000,4,205,16,0.0400
bpRNA_RFAM_40924,138,0.507463,0.500000,0.515152,17,17,16,0.7900
bpRNA_RFAM_40925,151,0.419753,0.340000,0.548387,17,33,14,0.4600
bpRNA_RFAM_40952,158,0.484848,0.615385,0.400000,16,10,24,0.7900
bpRNA_RFAM_41135,105,0.577778,0.619048,0.541667,13,8,11,0.7500
bpRNA_RFAM_41242,83,0.622951,0.655172,0.593750,19,10,13,0.1800
bpRNA_RFAM_41254,82,0.926829,0.863636,1.000000,19,3,0,0.9100
bpRNA_RFAM_41284,204,0.434783,0.576923,0.348837,15,11,28,0.5700
bpRNA_RFAM_41304,141,0.553846,0.600000,0.514286,18,12,17,0.5700
bpRNA_RFAM_41308,139,0.465753,0.472222,0.459459,17,19,20,0.3700
bpRNA_RFAM_41348,98,0.515152,0.404762,0.708333,17,25,7,0.1000
bpRNA_RFAM_41379,152,0.260870,0.315789,0.222222,6,13,21,0.8200
bpRNA_RFAM_41387,80,1.000000,1.000000,1.000000,12,0,0,0.7400
bpRNA_RFAM_41421,73,0.705882,0.545455,1.000000,6,5,0,0.6000
bpRNA_RFAM_41439,195,0.421053,0.516129,0.355556,16,15,29,0.5500
bpRNA_RFAM_41514,209,0.306452,0.339286,0.279412,19,37,49,0.3000
bpRNA_RFAM_41528,75,0.830189,0.846154,0.814815,22,4,5,0.4000
bpRNA_RFAM_41542,148,0.121212,0.084211,0.216216,8,87,29,0.1900
bpRNA_RFAM_41545,151,0.238095,1.000000,0.135135,5,0,32,0.9400
bpRNA_RFAM_41659,192,0.169742,0.106977,0.410714,23,192,33,0.0600
bpRNA_RFAM_41689,64,0.285714,0.333333,0.250000,3,6,9,0.6000
bpRNA_RFAM_41780,145,0.550725,0.612903,0.500000,19,12,19,0.8200
bpRNA_RFAM_41786,155,0.504065,0.382716,0.738095,31,50,11,0.1600
bpRNA_RFAM_41788,154,0.600000,0.600000,0.600000,21,14,14,0.7300
bpRNA_RFAM_4182,356,0.272727,0.328767,0.233010,24,49,79,0.5700
bpRNA_RFAM_41853,66,0.521739,0.545455,0.500000,6,5,6,0.6800
bpRNA_RFAM_41927,220,0.416107,0.378049,0.462687,31,51,36,0.4000
bpRNA_RFAM_41930,191,0.179310,0.128713,0.295455,13,88,31,0.3400
bpRNA_RFAM_42027,120,0.652174,0.833333,0.535714,15,3,13,0.9300
bpRNA_RFAM_42055,45,0.425532,0.270270,1.000000,10,27,0,0.0500
bpRNA_RFAM_42099,134,0.264706,0.225000,0.321429,9,31,19,0.4600
bpRNA_RFAM_42130,145,0.057554,0.036036,0.142857,4,107,24,0.1400
bpRNA_RFAM_42169,65,0.800000,1.000000,0.666667,10,0,5,0.8900
bpRNA_RFAM_42194,223,0.552381,0.568627,0.537037,29,22,25,0.4200
bpRNA_RFAM_42196,200,0.677966,0.625000,0.740741,40,24,14,0.3700
bpRNA_RFAM_42225,167,0.421053,0.540541,0.344828,20,17,38,0.6900
bpRNA_RFAM_42230,119,0.528302,0.736842,0.411765,14,5,20,0.5200
bpRNA_RFAM_42256,83,0.270270,0.192308,0.454545,10,42,12,0.2100
bpRNA_RFAM_42299,63,0.846154,1.000000,0.733333,11,0,4,0.7100
bpRNA_RFAM_42316,194,0.344828,0.526316,0.256410,10,9,29,0.7000
bpRNA_RFAM_42320,185,0.307692,0.266667,0.363636,12,33,21,0.6200
bpRNA_RFAM_42321,119,0.705882,1.000000,0.545455,12,0,10,0.9200
bpRNA_RFAM_42363,95,0.151261,0.084906,0.692308,9,97,4,0.0600
bpRNA_RFAM_42423,112,0.393443,0.342857,0.461538,12,23,14,0.1800
bpRNA_RFAM_42440,109,0.938776,0.958333,0.920000,23,1,2,0.5100
bpRNA_RFAM_42447,113,0.800000,0.685714,0.960000,24,11,1,0.6100
bpRNA_RFAM_42448,116,0.622222,0.700000,0.560000,14,6,11,0.7300
bpRNA_RFAM_42454,108,0.549020,0.500000,0.608696,14,14,9,0.4500
bpRNA_RFAM_42479,121,0.549020,0.700000,0.451613,14,6,17,0.7000
bpRNA_RFAM_42484,121,0.711864,0.777778,0.656250,21,6,11,0.3900
bpRNA_RFAM_42507,193,0.666667,0.916667,0.523810,11,1,10,0.7200
bpRNA_RFAM_42521,92,0.625000,0.681818,0.576923,15,7,11,0.3300
bpRNA_RFAM_42556,100,0.666667,1.000000,0.500000,9,0,9,0.4400
bpRNA_RFAM_42575,100,0.005335,0.002676,0.875000,7,2609,1,0.0200
bpRNA_RFAM_42661,119,0.533333,0.666667,0.444444,16,8,20,0.7600
bpRNA_RFAM_42666,34,1.000000,1.000000,1.000000,4,0,0,0.5700
bpRNA_RFAM_42703,71,0.400000,1.000000,0.250000,5,0,15,0.9100
bpRNA_RFAM_42818,152,0.338028,0.315789,0.363636,12,26,21,0.5500
bpRNA_RFAM_4312,410,0.161765,0.297297,0.111111,11,26,88,0.7400
bpRNA_RFAM_4314,412,0.140187,0.123967,0.161290,15,106,78,0.4500
bpRNA_RFAM_43210,67,0.888889,0.800000,1.000000,20,5,0,0.8100
bpRNA_RFAM_43252,112,0.545455,0.800000,0.413793,12,3,17,0.6600
bpRNA_RFAM_4326,405,0.149871,0.097315,0.325843,29,269,60,0.3400
bpRNA_RFAM_4330,453,0.179245,0.117284,0.380000,38,286,62,0.2700
bpRNA_RFAM_4339,397,0.225806,0.388889,0.159091,14,22,74,0.7800
bpRNA_RFAM_4343,165,0.500000,0.358025,0.828571,29,52,6,0.1800
bpRNA_RFAM_4349,207,0.447761,0.535714,0.384615,15,13,24,0.6400
bpRNA_RFAM_4389,108,0.800000,0.666667,1.000000,4,2,0,0.9400
bpRNA_RFAM_4395,110,0.533333,0.363636,1.000000,4,7,0,0.5600
bpRNA_RFAM_4490,167,0.727273,0.571429,1.000000,4,3,0,0.8700
bpRNA_RFAM_4510,109,0.615385,0.444444,1.000000,4,5,0,0.9300
bpRNA_RFAM_4617,436,0.054463,0.029900,0.305085,18,584,41,0.1200
bpRNA_RFAM_4633,78,0.594595,0.611111,0.578947,11,7,8,0.5000
bpRNA_RFAM_4640,88,0.604651,0.541667,0.684211,13,11,6,0.6500
bpRNA_RFAM_4651,73,0.681818,0.600000,0.789474,15,10,4,0.3500
bpRNA_RFAM_4745,338,0.217949,0.200000,0.239437,17,68,54,0.5200
bpRNA_RFAM_4772,389,0.254545,0.230769,0.283784,21,70,53,0.4800
bpRNA_RFAM_4814,65,0.909091,0.937500,0.882353,15,1,2,0.4100
bpRNA_RFAM_4820,67,0.750000,0.652174,0.882353,15,8,2,0.4200
bpRNA_RFAM_4826,67,0.838710,0.928571,0.764706,13,1,4,0.9200
bpRNA_RFAM_4846,46,1.000000,1.000000,1.000000,6,0,0,0.7500
bpRNA_RFAM_4878,46,1.000000,1.000000,1.000000,6,0,0,0.8600
bpRNA_RFAM_4907,108,0.439024,0.391304,0.500000,9,14,9,0.2700
bpRNA_RFAM_4909,112,0.808511,0.863636,0.760000,19,3,6,0.6400
bpRNA_RFAM_5049,132,0.400000,0.454545,0.357143,5,6,9,0.4800
bpRNA_RFAM_5054,47,0.000000,0.000000,0.000000,0,0,0,0.5000
bpRNA_RFAM_5057,339,0.356164,0.406250,0.317073,26,38,56,0.3800
bpRNA_RFAM_51,99,0.385965,0.423077,0.354839,11,15,20,0.6000
bpRNA_RFAM_516,117,0.735294,0.714286,0.757576,25,10,8,0.7000
bpRNA_RFAM_5185,205,0.433735,0.529412,0.367347,18,16,31,0.6800
bpRNA_RFAM_5189,223,0.396040,0.384615,0.408163,20,32,29,0.6900
bpRNA_RFAM_5202,225,0.212766,0.143885,0.408163,20,119,29,0.3000
bpRNA_RFAM_5292,71,0.780488,0.800000,0.761905,16,4,5,0.9000
bpRNA_RFAM_5352,61,0.687500,0.550000,0.916667,11,9,1,0.8700
bpRNA_RFAM_5355,75,1.000000,1.000000,1.000000,3,0,0,0.9400
bpRNA_RFAM_5418,151,0.622222,0.636364,0.608696,14,8,9,0.8000
bpRNA_RFAM_5444,123,0.769231,0.937500,0.652174,15,1,8,0.6600
bpRNA_RFAM_5462,134,0.666667,0.580645,0.782609,18,13,5,0.4200
bpRNA_RFAM_5467,136,0.628571,0.916667,0.478261,11,1,12,0.6800
bpRNA_RFAM_5491,201,0.531250,0.414634,0.739130,17,24,6,0.4700
bpRNA_RFAM_5512,119,0.703704,0.612903,0.826087,19,12,4,0.4500
bpRNA_RFAM_5645,87,0.881356,0.838710,0.928571,26,5,2,0.9600
bpRNA_RFAM_5655,89,0.776119,0.666667,0.928571,26,13,2,0.8000
bpRNA_RFAM_5690,70,0.122449,0.065217,1.000000,3,43,0,0.1100
bpRNA_RFAM_5723,132,0.666667,0.666667,0.666667,24,12,12,0.8100
bpRNA_RFAM_5751,67,0.700000,1.000000,0.538462,7,0,6,0.8900
bpRNA_RFAM_5772,100,0.830769,0.729730,0.964286,27,10,1,0.1800
bpRNA_RFAM_5781,128,0.385965,0.239130,1.000000,22,70,0,0.4000
bpRNA_RFAM_5782,135,0.435644,0.278481,1.000000,22,57,0,0.3600
bpRNA_RFAM_5849,97,0.700000,0.777778,0.636364,14,4,8,0.4100
bpRNA_RFAM_5880,132,0.312500,0.227273,0.500000,10,34,10,0.3900
bpRNA_RFAM_5970,96,0.937500,1.000000,0.882353,15,0,2,0.8300
bpRNA_RFAM_5972,277,0.483516,0.352000,0.771930,44,81,13,0.5100
bpRNA_RFAM_5974,274,0.377622,0.313953,0.473684,27,59,30,0.5900
bpRNA_RFAM_6040,151,0.043796,0.022388,1.000000,3,131,0,0.0800
bpRNA_RFAM_6042,96,0.162162,0.088235,1.000000,3,31,0,0.2800
bpRNA_RFAM_6055,75,1.000000,1.000000,1.000000,3,0,0,0.7400
bpRNA_RFAM_6088,72,1.000000,1.000000,1.000000,3,0,0,0.4000
bpRNA_RFAM_6114,72,0.850000,0.850000,0.850000,17,3,3,0.9500
bpRNA_RFAM_6118,72,0.808511,0.703704,0.950000,19,8,1,0.7200
bpRNA_RFAM_6130,104,0.750000,0.666667,0.857143,18,9,3,0.8200
bpRNA_RFAM_6132,92,0.680851,0.615385,0.761905,16,10,5,0.8900
bpRNA_RFAM_6139,117,0.893617,0.807692,1.000000,21,5,0,0.8800
bpRNA_RFAM_6146,187,0.756757,0.777778,0.736842,14,4,5,0.9000
bpRNA_RFAM_6191,71,0.705882,1.000000,0.545455,6,0,5,0.8800
bpRNA_RFAM_621,119,0.468750,0.483871,0.454545,15,16,18,0.7200
bpRNA_RFAM_6217,187,0.431373,0.407407,0.458333,11,16,13,0.6200
bpRNA_RFAM_6225,146,0.458333,0.440000,0.478261,11,14,12,0.6800
bpRNA_RFAM_6232,181,0.472727,0.406250,0.565217,13,19,10,0.5200
bpRNA_RFAM_6236,182,0.363636,0.231884,0.842105,16,53,3,0.3900
bpRNA_RFAM_6283,256,0.415584,0.800000,0.280702,16,4,41,0.8200
bpRNA_RFAM_6348,70,0.004479,0.002248,0.571429,4,1775,3,0.0100
bpRNA_RFAM_6374,71,0.800000,0.666667,1.000000,2,1,0,0.8000
bpRNA_RFAM_6486,56,0.500000,0.333333,1.000000,2,4,0,0.5800
bpRNA_RFAM_6540,123,0.285714,0.444444,0.210526,4,5,15,0.5300
bpRNA_RFAM_6613,124,0.800000,1.000000,0.666667,2,0,1,0.8800
bpRNA_RFAM_6661,311,0.129870,0.102740,0.176471,15,131,70,0.3100
bpRNA_RFAM_6704,158,0.591837,0.537037,0.659091,29,25,15,0.5000
bpRNA_RFAM_6784,80,0.750000,0.636364,0.913043,21,12,2,0.9000
bpRNA_RFAM_6790,77,0.814815,0.709677,0.956522,22,9,1,0.8200
bpRNA_RFAM_6799,76,0.769231,0.689655,0.869565,20,9,3,0.7800
bpRNA_RFAM_6813,72,0.941176,0.888889,1.000000,24,3,0,0.8500
bpRNA_RFAM_6844,75,0.679245,0.620690,0.750000,18,11,6,0.7600
bpRNA_RFAM_6874,82,0.545455,0.750000,0.428571,3,1,4,0.6000
bpRNA_RFAM_6898,91,0.285714,0.250000,0.333333,4,12,8,0.4100
bpRNA_RFAM_6935,83,0.500000,1.000000,0.333333,4,0,8,0.4900
bpRNA_RFAM_7062,116,0.320000,0.333333,0.307692,4,8,9,0.7300
bpRNA_RFAM_7117,222,0.094241,0.056604,0.281250,9,150,23,0.1400
bpRNA_RFAM_7123,67,0.666667,0.700000,0.636364,7,3,4,0.5000
bpRNA_RFAM_7151,206,0.657143,0.657143,0.657143,23,12,12,0.7700
bpRNA_RFAM_7155,213,0.444444,0.800000,0.307692,16,4,36,0.8300
bpRNA_RFAM_7163,297,0.365854,0.348837,0.384615,30,56,48,0.6200
bpRNA_RFAM_7172,93,0.682927,0.736842,0.636364,14,5,8,0.8300
bpRNA_RFAM_7198,94,0.727273,0.606061,0.909091,20,13,2,0.8200
bpRNA_RFAM_7227,107,0.765957,0.720000,0.818182,18,7,4,0.5300
bpRNA_RFAM_7240,123,0.684211,0.812500,0.590909,13,3,9,0.4800
bpRNA_RFAM_738,155,0.421053,0.615385,0.320000,8,5,17,0.5900
bpRNA_RFAM_7392,88,0.266667,0.181818,0.500000,2,9,2,0.8900
bpRNA_RFAM_7398,87,0.230769,0.130435,1.000000,3,20,0,0.0700
bpRNA_RFAM_7485,95,0.705882,0.545455,1.000000,6,5,0,0.8900
bpRNA_RFAM_7496,74,1.000000,1.000000,1.000000,6,0,0,0.8200
bpRNA_RFAM_7547,132,0.652174,0.937500,0.500000,15,1,15,0.7200
bpRNA_RFAM_7558,111,0.409091,0.375000,0.450000,9,15,11,0.7800
bpRNA_RFAM_7581,119,0.666667,0.684211,0.650000,13,6,7,0.9000
bpRNA_RFAM_7648,100,0.843750,0.794118,0.900000,27,7,3,0.8300
bpRNA_RFAM_7662,100,0.827586,0.857143,0.800000,24,4,6,0.9100
bpRNA_RFAM_7664,69,0.400000,0.277778,0.714286,5,13,2,0.1300
bpRNA_RFAM_7681,84,0.666667,0.500000,1.000000,5,5,0,0.7000
bpRNA_RFAM_7737,71,1.000000,1.000000,1.000000,3,0,0,0.7900
bpRNA_RFAM_7764,81,1.000000,1.000000,1.000000,6,0,0,0.6400
bpRNA_RFAM_7926,82,0.888889,0.800000,1.000000,4,1,0,0.8900
bpRNA_RFAM_7940,64,0.408602,0.260274,0.950000,19,54,1,0.0800
bpRNA_RFAM_7947,128,0.523810,0.687500,0.423077,11,5,15,0.9200
bpRNA_RFAM_8000,113,0.717949,0.933333,0.583333,14,1,10,0.8400
bpRNA_RFAM_8051,139,0.680000,0.708333,0.653846,17,7,9,0.7700
bpRNA_RFAM_8129,110,0.685714,0.545455,0.923077,24,20,2,0.6400
bpRNA_RFAM_8134,109,0.800000,0.758621,0.846154,22,7,4,0.6700
bpRNA_RFAM_8194,112,0.696970,0.575000,0.884615,23,17,3,0.4400
bpRNA_RFAM_8208,114,0.800000,0.705882,0.923077,24,10,2,0.5900
bpRNA_RFAM_8211,113,0.676923,0.564103,0.846154,22,17,4,0.5700
bpRNA_RFAM_8213,106,0.896552,0.812500,1.000000,26,6,0,0.7500
bpRNA_RFAM_8238,142,0.619048,0.812500,0.500000,13,3,13,0.7300
bpRNA_RFAM_8278,105,0.707692,0.589744,0.884615,23,16,3,0.3100
bpRNA_RFAM_83,116,0.642857,0.782609,0.545455,18,5,15,0.9000
bpRNA_RFAM_8318,115,0.800000,0.666667,1.000000,26,13,0,0.6000
bpRNA_RFAM_8320,117,0.842105,0.774194,0.923077,24,7,2,0.7500
bpRNA_RFAM_8330,112,0.585366,0.800000,0.461538,12,3,14,0.8600
bpRNA_RFAM_8361,110,0.693878,0.680000,0.708333,17,8,7,0.6200
bpRNA_RFAM_838,156,0.500000,0.477273,0.525000,21,23,19,0.5200
bpRNA_RFAM_8458,64,0.625000,0.714286,0.555556,10,4,8,0.2800
bpRNA_RFAM_848,165,0.481013,0.487179,0.475000,19,20,21,0.6400
bpRNA_RFAM_8525,100,0.857143,1.000000,0.750000,15,0,5,0.5700
bpRNA_RFAM_8538,100,1.000000,1.000000,1.000000,22,0,0,0.6200
bpRNA_RFAM_8562,102,0.954545,0.954545,0.954545,21,1,1,0.6600
bpRNA_RFAM_8563,102,0.909091,0.909091,0.909091,20,2,2,0.8100
bpRNA_RFAM_8564,102,0.816327,0.740741,0.909091,20,7,2,0.8100
bpRNA_RFAM_8567,102,0.913043,0.875000,0.954545,21,3,1,0.7200
bpRNA_RFAM_8578,96,0.521739,0.461538,0.600000,12,14,8,0.6800
bpRNA_RFAM_8591,102,1.000000,1.000000,1.000000,22,0,0,0.8000
bpRNA_RFAM_8671,180,0.838710,0.975000,0.735849,39,1,14,0.6600
bpRNA_RFAM_8760,98,0.457143,0.421053,0.500000,16,22,16,0.5200
bpRNA_RFAM_883,189,0.292683,0.292683,0.292683,12,29,29,0.3500
bpRNA_RFAM_894,196,0.790123,0.888889,0.711111,32,4,13,0.6900
bpRNA_RFAM_8962,85,0.193548,0.157895,0.250000,3,16,9,0.1800
bpRNA_RFAM_898,194,0.745763,0.602740,0.977778,44,29,1,0.6100
bpRNA_RFAM_8993,219,0.447368,0.485714,0.414634,17,18,24,0.6100
bpRNA_RFAM_9022,211,0.343750,0.458333,0.275000,11,13,29,0.7300
bpRNA_RFAM_9038,192,0.634146,0.650000,0.619048,26,14,16,0.5800
bpRNA_RFAM_9041,220,0.829268,0.850000,0.809524,34,6,8,0.6100
bpRNA_RFAM_9070,229,0.530973,0.422535,0.714286,30,41,12,0.5900
bpRNA_RFAM_9076,226,0.428571,0.342857,0.571429,24,46,18,0.6500
bpRNA_RFAM_908,193,0.626506,0.684211,0.577778,26,12,19,0.6700
bpRNA_RFAM_9117,225,0.541667,0.481481,0.619048,26,28,16,0.5300
bpRNA_RFAM_9122,228,0.621359,0.524590,0.761905,32,29,10,0.6100
bpRNA_RFAM_9130,225,0.224719,0.204082,0.250000,10,39,30,0.5300
bpRNA_RFAM_9133,189,0.410256,0.400000,0.421053,16,24,22,0.6500
bpRNA_RFAM_9138,205,0.424242,0.538462,0.350000,14,12,26,0.6500
bpRNA_RFAM_918,199,0.366412,0.279070,0.533333,24,62,21,0.4300
bpRNA_RFAM_9187,205,0.638298,0.576923,0.714286,30,22,12,0.4900
bpRNA_RFAM_9189,234,0.529412,0.692308,0.428571,18,8,24,0.6600
bpRNA_RFAM_9200,204,0.608696,0.560000,0.666667,28,22,14,0.3900
bpRNA_RFAM_928,184,0.550000,0.536585,0.564103,22,19,17,0.7800
bpRNA_RFAM_9280,213,0.645833,0.574074,0.738095,31,23,11,0.5800
bpRNA_RFAM_9291,201,0.480000,0.545455,0.428571,18,15,24,0.8500
bpRNA_RFAM_9311,180,0.543210,0.564103,0.523810,22,17,20,0.6700
bpRNA_RFAM_9333,196,0.556962,0.594595,0.523810,22,15,20,0.7300
bpRNA_RFAM_9336,205,0.428571,0.375000,0.500000,21,35,21,0.6200
bpRNA_RFAM_9337,236,0.423529,0.418605,0.428571,18,25,24,0.7500
bpRNA_RFAM_9344,184,0.657895,0.735294,0.595238,25,9,17,0.5200
bpRNA_RFAM_9643,75,0.909091,0.833333,1.000000,5,1,0,0.2400
bpRNA_RFAM_9709,103,0.512821,0.625000,0.434783,10,6,13,0.3800
bpRNA_RFAM_9749,101,0.363636,0.246154,0.695652,16,49,7,0.1400
bpRNA_RFAM_9799,77,1.000000,1.000000,1.000000,4,0,0,0.5200
bpRNA_RFAM_9899,133,0.342857,0.461538,0.272727,6,7,16,0.8200
bpRNA_RFAM_9904,141,0.750000,0.882353,0.652174,15,2,8,0.7500
bpRNA_RFAM_9921,141,0.800000,0.727273,0.888889,24,9,3,0.8100
bpRNA_RFAM_9931,55,0.013659,0.006903,0.636364,7,1007,4,0.0100
bpRNA_RFAM_9963,68,0.642857,1.000000,0.473684,9,0,10,0.6900
bpRNA_RFAM_9969,119,0.714286,0.652174,0.789474,15,8,4,0.3400
bpRNA_RNP_114,406,0.425993,0.412587,0.440299,59,84,75,0.5500
bpRNA_RNP_126,408,0.501845,0.519084,0.485714,68,63,72,0.5300
bpRNA_RNP_14,244,0.543478,0.806452,0.409836,25,6,36,0.6400
bpRNA_RNP_182,313,0.431655,0.652174,0.322581,30,16,63,0.6700
bpRNA_RNP_205,302,0.496732,0.535211,0.463415,38,33,44,0.5200
bpRNA_RNP_247,481,0.322581,0.500000,0.238095,40,40,128,0.5400
bpRNA_RNP_278,405,0.293578,0.400000,0.231884,32,48,106,0.6900
bpRNA_RNP_31,293,0.278261,0.213333,0.400000,32,118,48,0.3000
bpRNA_RNP_310,389,0.297619,0.471698,0.217391,25,28,90,0.6100
bpRNA_RNP_318,335,0.428571,0.590164,0.336449,36,25,71,0.6500
bpRNA_RNP_351,393,0.468619,0.495575,0.444444,56,57,70,0.4700
bpRNA_RNP_375,299,0.315152,0.309524,0.320988,26,58,55,0.3600
bpRNA_RNP_398,359,0.371134,0.301676,0.482143,54,125,58,0.3000
bpRNA_RNP_414,406,0.170854,0.138211,0.223684,17,106,59,0.5100
bpRNA_RNP_431,330,0.239437,0.217949,0.265625,17,61,47,0.5300
bpRNA_RNP_450,286,0.375000,0.369231,0.380952,24,41,39,0.4200
bpRNA_RNP_98,251,0.427746,0.393617,0.468354,37,57,42,0.5200
bpRNA_SPR_109,84,0.850000,0.809524,0.894737,17,4,2,0.8200
bpRNA_SPR_111,86,0.913043,0.840000,1.000000,21,4,0,0.8400
bpRNA_SPR_138,75,0.950000,0.950000,0.950000,19,1,1,0.4500
bpRNA_SPR_158,77,0.976744,0.954545,1.000000,21,1,0,0.0900
bpRNA_SPR_185,90,0.923077,0.947368,0.900000,18,1,2,0.9600
bpRNA_SPR_194,85,0.900000,0.900000,0.900000,18,2,2,0.9700
bpRNA_SPR_196,77,0.976744,0.954545,1.000000,21,1,0,0.2900
bpRNA_SPR_2,71,0.975610,1.000000,0.952381,20,0,1,0.5600
bpRNA_SPR_205,86,0.975610,1.000000,0.952381,20,0,1,0.9300
bpRNA_SPR_22,57,0.750000,1.000000,0.600000,9,0,6,0.7100
bpRNA_SPR_345,76,0.952381,0.909091,1.000000,20,2,0,0.5800
bpRNA_SPR_35,73,0.666667,0.608696,0.736842,14,9,5,0.6000
bpRNA_SPR_402,85,0.975610,0.952381,1.000000,20,1,0,0.7300
bpRNA_SPR_463,77,1.000000,1.000000,1.000000,20,0,0,0.9400
bpRNA_SPR_486,70,0.789474,0.833333,0.750000,15,3,5,0.8600
bpRNA_SPR_496,76,0.976744,0.954545,1.000000,21,1,0,0.8000
bpRNA_SPR_503,75,1.000000,1.000000,1.000000,21,0,0,0.4500
bpRNA_SPR_513,87,0.878049,0.857143,0.900000,18,3,2,0.7800
bpRNA_SPR_531,90,1.000000,1.000000,1.000000,21,0,0,0.3900
bpRNA_SPR_532,76,0.952381,0.909091,1.000000,20,2,0,0.3800
bpRNA_SPR_563,77,1.000000,1.000000,1.000000,21,0,0,0.5300
bpRNA_SPR_597,74,1.000000,1.000000,1.000000,22,0,0,0.2300
bpRNA_SPR_599,76,1.000000,1.000000,1.000000,21,0,0,0.9300
bpRNA_SPR_91,70,1.000000,1.000000,1.000000,21,0,0,0.5700
bpRNA_SRP_10,304,0.358696,0.397590,0.326733,33,50,68,0.7800
bpRNA_SRP_187,106,0.539683,0.515152,0.566667,17,16,13,0.6300
bpRNA_SRP_192,89,0.000000,0.000000,0.000000,0,0,0,0.5000
bpRNA_SRP_278,302,0.363636,0.619048,0.257426,26,16,75,0.6600
bpRNA_SRP_332,97,0.638298,0.789474,0.535714,15,4,13,0.5400
bpRNA_SRP_397,499,0.159204,0.195122,0.134454,16,66,103,0.5600
bpRNA_SRP_399,416,0.303030,0.250000,0.384615,50,150,80,0.3100
bpRNA_SRP_576,102,0.317073,0.240741,0.464286,13,41,15,0.3100
bpRNA_SRP_607,264,0.376812,0.330508,0.438202,39,79,50,0.4400
bpRNA_SRP_720,449,0.273171,0.405797,0.205882,28,41,108,0.5200
bpRNA_SRP_861,100,0.292683,0.272727,0.315789,6,16,13,0.7000
bpRNA_SRP_867,306,0.292453,0.264957,0.326316,31,86,64,0.3600
bpRNA_tmRNA_1,352,0.437500,0.673077,0.324074,35,17,73,0.6200
bpRNA_tmRNA_113,380,0.441176,0.450000,0.432692,45,55,59,0.3700
bpRNA_tmRNA_138,386,0.467066,0.609375,0.378641,39,25,64,0.4900
bpRNA_tmRNA_168,291,0.433333,0.722222,0.309524,13,5,29,0.7400
bpRNA_tmRNA_184,356,0.364865,0.600000,0.262136,27,18,76,0.6600
bpRNA_tmRNA_240,396,0.478261,0.916667,0.323529,11,1,23,0.7900
bpRNA_tmRNA_242,330,0.431373,0.846154,0.289474,11,2,27,0.8900
bpRNA_tmRNA_252,370,0.293040,0.210526,0.481928,40,150,43,0.2600
bpRNA_tmRNA_305,358,0.402685,0.588235,0.306122,30,21,68,0.5100
bpRNA_tmRNA_334,359,0.439716,0.516667,0.382716,31,29,50,0.5900
bpRNA_tmRNA_340,359,0.460432,0.711111,0.340426,32,13,62,0.5800
bpRNA_tmRNA_367,411,0.304878,0.423729,0.238095,25,34,80,0.6200
bpRNA_tmRNA_397,374,0.253846,0.187500,0.392857,33,143,51,0.2900
bpRNA_tmRNA_399,390,0.396135,0.414141,0.379630,41,58,67,0.3700
bpRNA_tmRNA_413,405,0.331034,0.268156,0.432432,48,131,63,0.4300
bpRNA_tmRNA_434,371,0.349206,0.880000,0.217822,22,3,79,0.7200
bpRNA_tmRNA_499,369,0.270968,0.477273,0.189189,21,23,90,0.6600
bpRNA_tmRNA_602,372,0.505882,0.682540,0.401869,43,20,64,0.4700
bpRNA_tmRNA_610,350,0.408602,0.463415,0.365385,38,44,66,0.5100
bpRNA_tmRNA_643,366,0.290323,0.226415,0.404494,36,123,53,0.3700
bpRNA_tmRNA_686,366,0.358025,0.287129,0.475410,29,72,32,0.5100
bpRNA_tmRNA_693,386,0.219178,0.390244,0.152381,16,25,89,0.8000
